ID_CONTATORE;TIPO_OPERAZIONE;DATA;QT_O_PREZZO
199;LETTURA;2010/01/01;6119
42;LETTURA;2010/01/02;7451
107;LETTURA;2010/01/02;4829
198;LETTURA;2010/01/02;3611
242;LETTURA;2010/01/02;4315
101;LETTURA;2010/01/03;2308
18;LETTURA;2010/01/04;2441
122;LETTURA;2010/01/04;1169
196;LETTURA;2010/01/04;2874
240;LETTURA;2010/01/04;1833
34;LETTURA;2010/01/06;4714
102;LETTURA;2010/01/06;413
184;LETTURA;2010/01/06;480
208;LETTURA;2010/01/06;2731
217;LETTURA;2010/01/06;3086
2;LETTURA;2010/01/07;692
4;LETTURA;2010/01/07;10026
6;LETTURA;2010/01/07;111
119;LETTURA;2010/01/08;2500
163;LETTURA;2010/01/08;1142
185;LETTURA;2010/01/08;1022
93;LETTURA;2010/01/09;1599
2;STIMA;2010/01/10;4769
39;LETTURA;2010/01/10;4526
70;LETTURA;2010/01/10;2037
90;LETTURA;2010/01/10;55
150;LETTURA;2010/01/10;731
170;LETTURA;2010/01/10;4320
76;LETTURA;2010/01/11;1855
111;LETTURA;2010/01/11;16657
74;LETTURA;2010/01/12;4468
157;LETTURA;2010/01/12;4901
12;LETTURA;2010/01/13;341
147;LETTURA;2010/01/14;2917
191;LETTURA;2010/01/14;2232
207;LETTURA;2010/01/14;330
167;LETTURA;2010/01/15;3314
33;LETTURA;2010/01/16;12183
199;STIMA;2010/01/16;9916
238;LETTURA;2010/01/16;7991
168;LETTURA;2010/01/17;14372
18;LETTURA;2010/01/18;4631
27;LETTURA;2010/01/19;1168
97;LETTURA;2010/01/19;2432
39;STIMA;2010/01/20;11113
49;LETTURA;2010/01/20;2909
27;LETTURA;2010/01/21;1513
70;STIMA;2010/01/21;2308
112;LETTURA;2010/01/21;57
117;LETTURA;2010/01/22;311
38;LETTURA;2010/01/23;4260
102;STIMA;2010/01/23;11228
174;LETTURA;2010/01/23;328
9;LETTURA;2010/01/24;7365
129;LETTURA;2010/01/24;6228
47;LETTURA;2010/01/25;861
148;LETTURA;2010/01/25;11960
220;LETTURA;2010/01/25;1272
236;LETTURA;2010/01/25;582
21;LETTURA;2010/01/26;7853
68;LETTURA;2010/01/27;10606
35;LETTURA;2010/01/28;7765
127;LETTURA;2010/01/28;2179
183;LETTURA;2010/01/28;4070
205;LETTURA;2010/01/28;960
72;LETTURA;2010/01/29;446
94;LETTURA;2010/01/29;2008
97;STIMA;2010/01/29;7002
164;LETTURA;2010/01/29;16092
184;LETTURA;2010/01/29;1567
212;LETTURA;2010/01/29;2031
114;LETTURA;2010/01/30;2526
216;LETTURA;2010/01/30;33
40;LETTURA;2010/01/31;154
60;LETTURA;2010/01/31;3639
99;LETTURA;2010/01/31;3969
200;LETTURA;2010/01/31;96
11;LETTURA;2010/02/01;602
27;STIMA;2010/02/01;3431
51;LETTURA;2010/02/01;12030
73;LETTURA;2010/02/01;2548
187;LETTURA;2010/02/01;2341
15;LETTURA;2010/02/02;1557
45;LETTURA;2010/02/02;10185
132;LETTURA;2010/02/02;128
157;LETTURA;2010/02/02;5810
75;LETTURA;2010/02/03;2496
112;STIMA;2010/02/03;1216
119;STIMA;2010/02/03;3819
139;LETTURA;2010/02/03;246
140;LETTURA;2010/02/03;4406
193;LETTURA;2010/02/03;2156
218;LETTURA;2010/02/03;763
36;LETTURA;2010/02/04;51
83;LETTURA;2010/02/04;3473
138;LETTURA;2010/02/04;4009
140;LETTURA;2010/02/04;9482
193;STIMA;2010/02/04;4716
3;LETTURA;2010/02/05;1188
154;LETTURA;2010/02/05;5664
162;LETTURA;2010/02/05;3695
4;STIMA;2010/02/06;10367
28;LETTURA;2010/02/06;4707
136;LETTURA;2010/02/06;3201
5;LETTURA;2010/02/07;6277
192;LETTURA;2010/02/08;4527
70;STIMA;2010/02/09;3864
148;STIMA;2010/02/09;12032
197;LETTURA;2010/02/09;739
69;LETTURA;2010/02/10;965
115;LETTURA;2010/02/10;377
7;LETTURA;2010/02/11;7367
89;LETTURA;2010/02/12;611
220;STIMA;2010/02/12;1648
26;LETTURA;2010/02/13;1122
45;STIMA;2010/02/13;15181
52;LETTURA;2010/02/13;2385
72;STIMA;2010/02/13;1968
103;LETTURA;2010/02/13;3464
141;LETTURA;2010/02/13;2449
160;LETTURA;2010/02/13;5765
27;LETTURA;2010/02/14;4988
77;LETTURA;2010/02/14;6694
78;LETTURA;2010/02/14;4326
17;LETTURA;2010/02/15;3425
75;STIMA;2010/02/15;3045
166;LETTURA;2010/02/15;1103
70;STIMA;2010/02/16;7306
130;LETTURA;2010/02/16;6317
216;STIMA;2010/02/16;1448
92;LETTURA;2010/02/17;335
100;LETTURA;2010/02/17;3928
144;LETTURA;2010/02/17;10900
170;LETTURA;2010/02/17;6310
171;LETTURA;2010/02/17;28
63;LETTURA;2010/02/18;8072
108;LETTURA;2010/02/18;3690
145;LETTURA;2010/02/18;1244
9;STIMA;2010/02/19;14847
7;LETTURA;2010/02/20;8664
97;STIMA;2010/02/20;8447
173;LETTURA;2010/02/20;19208
130;LETTURA;2010/02/21;6373
218;STIMA;2010/02/22;7400
42;STIMA;2010/02/23;14843
79;LETTURA;2010/02/23;1630
131;LETTURA;2010/02/24;7760
199;LETTURA;2010/02/24;16324
148;STIMA;2010/02/25;12587
204;LETTURA;2010/02/25;1640
91;LETTURA;2010/02/26;4782
143;LETTURA;2010/02/26;1389
121;LETTURA;2010/02/27;13348
234;LETTURA;2010/02/27;113
127;STIMA;2010/02/28;5322
166;STIMA;2010/02/28;5975
58;LETTURA;2010/03/01;867
169;LETTURA;2010/03/01;2054
214;LETTURA;2010/03/01;26672
222;LETTURA;2010/03/01;8785
230;LETTURA;2010/03/01;7492
249;LETTURA;2010/03/01;10562
5;STIMA;2010/03/02;12869
124;LETTURA;2010/03/02;764
216;STIMA;2010/03/02;2406
195;LETTURA;2010/03/03;4496
244;LETTURA;2010/03/03;5202
106;LETTURA;2010/03/04;1966
131;LETTURA;2010/03/04;12673
145;STIMA;2010/03/04;2584
88;LETTURA;2010/03/05;1926
107;STIMA;2010/03/05;8728
211;LETTURA;2010/03/05;1488
20;LETTURA;2010/03/06;1496
108;LETTURA;2010/03/06;20356
132;LETTURA;2010/03/06;7730
163;STIMA;2010/03/09;1627
232;LETTURA;2010/03/09;7709
22;LETTURA;2010/03/10;667
126;LETTURA;2010/03/10;10068
130;STIMA;2010/03/10;6382
167;STIMA;2010/03/10;7844
214;STIMA;2010/03/10;72179
86;LETTURA;2010/03/11;920
39;STIMA;2010/03/12;20858
44;LETTURA;2010/03/12;2682
184;STIMA;2010/03/12;1741
91;STIMA;2010/03/13;9640
148;STIMA;2010/03/13;13877
233;LETTURA;2010/03/13;1581
37;LETTURA;2010/03/14;489
203;LETTURA;2010/03/14;1936
5;STIMA;2010/03/15;23015
6;STIMA;2010/03/15;3228
33;STIMA;2010/03/16;12261
71;LETTURA;2010/03/16;6598
92;STIMA;2010/03/16;439
164;STIMA;2010/03/16;21661
233;STIMA;2010/03/16;2329
159;LETTURA;2010/03/17;1262
212;STIMA;2010/03/17;2376
230;LETTURA;2010/03/17;18497
249;LETTURA;2010/03/17;13024
169;STIMA;2010/03/18;10965
247;LETTURA;2010/03/18;2781
3;STIMA;2010/03/19;4446
87;LETTURA;2010/03/19;5047
123;LETTURA;2010/03/19;208
144;STIMA;2010/03/19;11202
201;LETTURA;2010/03/19;230
3;LETTURA;2010/03/20;4608
2;STIMA;2010/03/21;6151
15;STIMA;2010/03/21;1801
60;STIMA;2010/03/21;3647
105;LETTURA;2010/03/21;4199
199;STIMA;2010/03/21;17208
29;LETTURA;2010/03/22;3385
33;STIMA;2010/03/22;13067
76;STIMA;2010/03/22;10353
102;STIMA;2010/03/22;12435
118;LETTURA;2010/03/22;2606
73;STIMA;2010/03/23;3182
207;STIMA;2010/03/23;2156
212;STIMA;2010/03/23;2640
39;STIMA;2010/03/24;34306
195;STIMA;2010/03/24;19501
69;LETTURA;2010/03/25;3201
108;LETTURA;2010/03/25;22440
155;LETTURA;2010/03/25;11220
182;LETTURA;2010/03/25;3163
198;STIMA;2010/03/25;12351
208;STIMA;2010/03/25;5358
207;STIMA;2010/03/26;2375
245;LETTURA;2010/03/26;399
66;LETTURA;2010/03/28;341
190;LETTURA;2010/03/28;200
237;LETTURA;2010/03/28;15871
116;LETTURA;2010/03/29;1319
139;LETTURA;2010/03/29;1731
16;LETTURA;2010/03/30;7823
34;STIMA;2010/03/30;5447
187;LETTURA;2010/03/30;13073
230;STIMA;2010/03/30;20520
49;STIMA;2010/03/31;4148
66;STIMA;2010/03/31;1565
146;LETTURA;2010/03/31;470
235;LETTURA;2010/03/31;280
4;STIMA;2010/04/01;11587
98;LETTURA;2010/04/01;4717
68;STIMA;2010/04/02;21309
105;STIMA;2010/04/02;4294
119;STIMA;2010/04/02;5386
67;LETTURA;2010/04/03;3084
156;LETTURA;2010/04/03;689
194;LETTURA;2010/04/03;3212
49;STIMA;2010/04/04;6866
138;STIMA;2010/04/04;4510
204;LETTURA;2010/04/04;5304
237;LETTURA;2010/04/04;16763
3;STIMA;2010/04/06;4660
49;STIMA;2010/04/06;9719
56;LETTURA;2010/04/06;3648
17;LETTURA;2010/04/07;4135
101;STIMA;2010/04/07;3029
15;STIMA;2010/04/08;5290
52;STIMA;2010/04/08;2748
111;STIMA;2010/04/08;20642
153;LETTURA;2010/04/08;740
246;LETTURA;2010/04/08;8310
36;STIMA;2010/04/09;1725
53;LETTURA;2010/04/09;332
186;LETTURA;2010/04/09;9854
100;STIMA;2010/04/10;5935
217;STIMA;2010/04/10;4944
100;STIMA;2010/04/11;9596
72;LETTURA;2010/04/12;11160
111;STIMA;2010/04/12;22112
210;LETTURA;2010/04/12;14286
114;STIMA;2010/04/13;9298
150;LETTURA;2010/04/13;1518
201;STIMA;2010/04/13;4159
58;STIMA;2010/04/14;1730
114;STIMA;2010/04/14;9447
82;LETTURA;2010/04/15;1359
149;LETTURA;2010/04/15;2579
130;STIMA;2010/04/17;11943
151;LETTURA;2010/04/17;602
233;LETTURA;2010/04/17;12291
26;STIMA;2010/04/19;5713
34;STIMA;2010/04/20;6755
172;LETTURA;2010/04/20;45810
128;LETTURA;2010/04/21;4110
164;STIMA;2010/04/21;39276
61;LETTURA;2010/04/23;3098
66;STIMA;2010/04/23;2648
161;LETTURA;2010/04/23;782
162;LETTURA;2010/04/23;12262
18;STIMA;2010/04/24;6628
243;LETTURA;2010/04/24;1634
160;STIMA;2010/04/25;5868
216;STIMA;2010/04/25;2477
228;LETTURA;2010/04/25;29
51;STIMA;2010/04/26;22281
43;LETTURA;2010/04/27;7316
110;LETTURA;2010/04/27;1363
135;LETTURA;2010/04/27;13610
152;LETTURA;2010/04/28;1691
222;STIMA;2010/04/28;16238
15;STIMA;2010/04/29;6070
225;LETTURA;2010/04/29;3049
22;LETTURA;2010/04/30;3214
5;STIMA;2010/05/01;41993
152;STIMA;2010/05/01;1840
35;STIMA;2010/05/02;10044
210;STIMA;2010/05/03;14448
167;STIMA;2010/05/04;9245
131;STIMA;2010/05/05;19930
166;STIMA;2010/05/05;8976
217;STIMA;2010/05/05;5082
75;STIMA;2010/05/06;4433
163;STIMA;2010/05/07;1792
54;LETTURA;2010/05/09;2628
98;STIMA;2010/05/09;17168
189;LETTURA;2010/05/09;22456
7;STIMA;2010/05/10;18571
102;STIMA;2010/05/11;16171
112;STIMA;2010/05/11;1613
216;LETTURA;2010/05/11;3359
220;STIMA;2010/05/11;2700
10;LETTURA;2010/05/12;1875
57;LETTURA;2010/05/12;4231
58;STIMA;2010/05/12;2579
111;STIMA;2010/05/12;22460
246;STIMA;2010/05/13;14650
104;LETTURA;2010/05/14;4684
124;STIMA;2010/05/14;1600
66;LETTURA;2010/05/15;4172
158;LETTURA;2010/05/16;4970
232;LETTURA;2010/05/16;9085
237;STIMA;2010/05/16;23188
9;LETTURA;2010/05/17;16544
41;LETTURA;2010/05/17;10826
81;LETTURA;2010/05/18;3698
51;STIMA;2010/05/19;26262
6;STIMA;2010/05/20;5842
51;STIMA;2010/05/20;34366
43;STIMA;2010/05/21;7359
46;LETTURA;2010/05/21;16202
142;LETTURA;2010/05/21;7246
175;LETTURA;2010/05/21;6185
185;STIMA;2010/05/22;2294
201;LETTURA;2010/05/22;10198
234;STIMA;2010/05/22;3035
10;STIMA;2010/05/23;32881
144;STIMA;2010/05/23;14919
1;LETTURA;2010/05/24;5470
6;STIMA;2010/05/24;10755
76;STIMA;2010/05/24;12576
137;LETTURA;2010/05/24;789
201;STIMA;2010/05/24;10357
168;STIMA;2010/05/25;17322
4;STIMA;2010/05/26;11861
99;STIMA;2010/05/26;7011
134;LETTURA;2010/05/26;657
140;STIMA;2010/05/26;9985
126;STIMA;2010/05/27;10672
157;LETTURA;2010/05/27;6492
221;LETTURA;2010/05/27;17325
8;LETTURA;2010/05/28;9627
18;STIMA;2010/05/28;7337
44;STIMA;2010/05/28;11500
73;LETTURA;2010/05/28;5668
214;LETTURA;2010/05/28;90490
45;STIMA;2010/05/29;20535
196;STIMA;2010/05/29;6520
241;LETTURA;2010/05/29;1308
48;LETTURA;2010/05/30;196
67;STIMA;2010/05/30;3381
146;STIMA;2010/05/30;1218
2;STIMA;2010/05/31;14048
36;STIMA;2010/05/31;12692
39;STIMA;2010/05/31;37844
54;STIMA;2010/05/31;2789
92;STIMA;2010/05/31;968
98;STIMA;2010/06/01;17304
124;STIMA;2010/06/02;1727
149;STIMA;2010/06/02;7781
192;LETTURA;2010/06/02;9963
244;STIMA;2010/06/02;6279
13;LETTURA;2010/06/03;2036
108;STIMA;2010/06/03;22907
35;STIMA;2010/06/04;19421
153;STIMA;2010/06/04;1663
237;STIMA;2010/06/04;26158
228;STIMA;2010/06/05;715
114;STIMA;2010/06/06;10289
145;STIMA;2010/06/07;10868
222;STIMA;2010/06/07;19199
1;STIMA;2010/06/08;10679
182;STIMA;2010/06/08;3203
178;LETTURA;2010/06/09;3286
37;LETTURA;2010/06/10;2224
42;STIMA;2010/06/10;18272
109;LETTURA;2010/06/10;2463
187;STIMA;2010/06/10;13269
211;STIMA;2010/06/10;8424
19;LETTURA;2010/06/11;454
125;LETTURA;2010/06/11;2420
143;STIMA;2010/06/11;17972
13;STIMA;2010/06/12;2371
229;LETTURA;2010/06/12;5405
196;STIMA;2010/06/13;9023
232;STIMA;2010/06/13;10299
45;STIMA;2010/06/15;22227
64;LETTURA;2010/06/15;4213
145;LETTURA;2010/06/15;11426
83;LETTURA;2010/06/16;6342
127;STIMA;2010/06/16;7603
176;LETTURA;2010/06/16;180
223;LETTURA;2010/06/16;2084
132;STIMA;2010/06/17;15795
27;STIMA;2010/06/18;6897
165;LETTURA;2010/06/18;4503
191;LETTURA;2010/06/18;2591
14;LETTURA;2010/06/19;3969
153;LETTURA;2010/06/19;1953
155;LETTURA;2010/06/19;12825
45;STIMA;2010/06/20;29251
60;STIMA;2010/06/20;6045
137;STIMA;2010/06/20;3366
213;LETTURA;2010/06/20;3908
59;LETTURA;2010/06/21;198
154;STIMA;2010/06/21;7177
11;STIMA;2010/06/22;1665
129;STIMA;2010/06/22;6839
151;STIMA;2010/06/22;5276
155;LETTURA;2010/06/22;16465
176;STIMA;2010/06/22;18484
83;STIMA;2010/06/23;10191
132;LETTURA;2010/06/23;16569
140;STIMA;2010/06/23;10004
198;LETTURA;2010/06/23;14455
243;STIMA;2010/06/23;1951
105;STIMA;2010/06/24;5728
141;STIMA;2010/06/24;5016
43;STIMA;2010/06/25;20046
235;LETTURA;2010/06/25;766
4;STIMA;2010/06/26;12160
7;STIMA;2010/06/26;26003
18;STIMA;2010/06/26;10579
66;STIMA;2010/06/26;6691
73;LETTURA;2010/06/26;7106
14;STIMA;2010/06/27;4223
37;STIMA;2010/06/27;5531
72;STIMA;2010/06/27;12030
10;STIMA;2010/06/28;44496
18;STIMA;2010/06/28;11899
148;STIMA;2010/06/28;16703
7;STIMA;2010/06/29;33833
8;STIMA;2010/06/29;45983
47;STIMA;2010/06/29;984
53;STIMA;2010/06/29;1427
112;STIMA;2010/06/29;2722
2;STIMA;2010/06/30;25895
125;STIMA;2010/06/30;6253
57;LETTURA;2010/07/01;9237
92;STIMA;2010/07/01;1593
209;LETTURA;2010/07/01;2540
6;STIMA;2010/07/02;20619
176;STIMA;2010/07/02;21112
148;LETTURA;2010/07/04;27274
125;STIMA;2010/07/05;8810
223;STIMA;2010/07/05;5542
92;LETTURA;2010/07/06;6839
210;STIMA;2010/07/06;14604
236;LETTURA;2010/07/06;681
210;STIMA;2010/07/07;15748
98;STIMA;2010/07/08;25845
197;STIMA;2010/07/08;3438
236;STIMA;2010/07/08;1871
134;STIMA;2010/07/09;5495
103;STIMA;2010/07/10;4378
147;LETTURA;2010/07/10;4660
199;STIMA;2010/07/11;25794
219;LETTURA;2010/07/11;2538
181;LETTURA;2010/07/12;456
233;LETTURA;2010/07/12;12929
17;STIMA;2010/07/13;8023
172;STIMA;2010/07/13;49404
206;LETTURA;2010/07/13;6699
203;LETTURA;2010/07/15;3609
58;STIMA;2010/07/16;22658
218;STIMA;2010/07/16;11837
225;STIMA;2010/07/16;11516
14;STIMA;2010/07/17;4426
33;STIMA;2010/07/17;15312
248;LETTURA;2010/07/17;4225
70;STIMA;2010/07/18;8585
218;STIMA;2010/07/18;14933
205;STIMA;2010/07/19;1632
11;STIMA;2010/07/20;6942
92;STIMA;2010/07/20;7278
115;STIMA;2010/07/20;1430
134;STIMA;2010/07/20;9294
141;STIMA;2010/07/20;5027
187;STIMA;2010/07/20;14397
63;STIMA;2010/07/21;9961
107;STIMA;2010/07/21;23801
69;STIMA;2010/07/22;3925
119;STIMA;2010/07/22;5914
147;LETTURA;2010/07/22;5907
227;LETTURA;2010/07/22;2956
54;STIMA;2010/07/23;3295
72;STIMA;2010/07/23;20950
224;LETTURA;2010/07/23;1605
246;LETTURA;2010/07/23;15137
13;STIMA;2010/07/24;4009
33;STIMA;2010/07/24;23208
41;STIMA;2010/07/25;18643
120;LETTURA;2010/07/25;5118
123;STIMA;2010/07/25;4583
181;STIMA;2010/07/25;505
26;STIMA;2010/07/26;6483
99;STIMA;2010/07/26;7469
193;LETTURA;2010/07/26;18737
0;LETTURA;2010/07/27;14338
59;STIMA;2010/07/27;205
160;STIMA;2010/07/27;6169
164;STIMA;2010/07/27;45053
185;STIMA;2010/07/27;3171
224;STIMA;2010/07/27;3507
83;LETTURA;2010/07/28;11137
167;STIMA;2010/07/28;9403
44;STIMA;2010/07/29;12481
140;STIMA;2010/07/29;15293
164;LETTURA;2010/07/29;50506
177;LETTURA;2010/07/29;51411
235;STIMA;2010/07/29;1065
239;LETTURA;2010/07/29;4443
163;STIMA;2010/07/30;3711
200;STIMA;2010/07/30;3087
233;STIMA;2010/07/30;21894
244;LETTURA;2010/07/30;6733
0;STIMA;2010/07/31;24611
71;STIMA;2010/07/31;11729
183;STIMA;2010/07/31;11629
68;STIMA;2010/08/01;33894
122;STIMA;2010/08/01;3747
123;LETTURA;2010/08/01;8868
140;STIMA;2010/08/01;18343
67;LETTURA;2010/08/02;6177
122;STIMA;2010/08/02;10730
232;STIMA;2010/08/02;13698
236;STIMA;2010/08/02;6394
141;STIMA;2010/08/03;7139
172;STIMA;2010/08/03;71095
24;LETTURA;2010/08/04;759
188;LETTURA;2010/08/04;409
18;STIMA;2010/08/05;12729
58;STIMA;2010/08/05;26365
162;STIMA;2010/08/05;19853
33;STIMA;2010/08/06;27528
145;STIMA;2010/08/06;15311
195;LETTURA;2010/08/06;20819
129;STIMA;2010/08/07;6851
208;STIMA;2010/08/07;7886
56;STIMA;2010/08/09;4825
79;STIMA;2010/08/09;2475
216;STIMA;2010/08/09;5480
234;LETTURA;2010/08/09;4876
236;STIMA;2010/08/09;12664
183;STIMA;2010/08/10;11680
193;STIMA;2010/08/10;18937
24;STIMA;2010/08/11;2318
45;STIMA;2010/08/11;45069
55;LETTURA;2010/08/11;4490
192;STIMA;2010/08/11;21049
34;LETTURA;2010/08/12;17852
48;STIMA;2010/08/12;2229
2;STIMA;2010/08/14;31235
89;LETTURA;2010/08/14;3880
143;STIMA;2010/08/14;21509
38;STIMA;2010/08/15;9190
128;STIMA;2010/08/15;9242
171;STIMA;2010/08/16;213
196;STIMA;2010/08/17;9830
209;STIMA;2010/08/17;3970
11;STIMA;2010/08/19;8149
125;STIMA;2010/08/19;12369
139;LETTURA;2010/08/19;3979
213;STIMA;2010/08/19;5317
13;STIMA;2010/08/20;4740
61;STIMA;2010/08/20;4567
90;LETTURA;2010/08/20;2820
171;LETTURA;2010/08/20;487
174;STIMA;2010/08/20;397
227;STIMA;2010/08/21;14450
1;LETTURA;2010/08/22;16692
18;STIMA;2010/08/22;16182
33;STIMA;2010/08/22;27928
41;LETTURA;2010/08/22;22747
57;STIMA;2010/08/22;19055
106;STIMA;2010/08/22;3370
179;LETTURA;2010/08/22;2515
39;STIMA;2010/08/23;42324
52;STIMA;2010/08/23;3172
93;STIMA;2010/08/23;3241
188;STIMA;2010/08/23;1957
138;STIMA;2010/08/24;5490
167;LETTURA;2010/08/24;12838
195;STIMA;2010/08/24;24198
216;STIMA;2010/08/25;5743
4;STIMA;2010/08/26;14905
41;STIMA;2010/08/26;28960
175;LETTURA;2010/08/26;16522
0;STIMA;2010/08/27;25329
76;STIMA;2010/08/27;17132
121;STIMA;2010/08/27;13592
160;STIMA;2010/08/28;10081
68;STIMA;2010/08/29;35432
168;STIMA;2010/08/29;23603
230;STIMA;2010/08/29;24035
249;STIMA;2010/08/29;18998
191;LETTURA;2010/08/30;3718
206;STIMA;2010/08/30;7498
237;STIMA;2010/08/30;30491
139;LETTURA;2010/08/31;9841
189;STIMA;2010/08/31;24079
60;STIMA;2010/09/01;8923
118;LETTURA;2010/09/01;2992
119;STIMA;2010/09/01;5929
145;STIMA;2010/09/01;18888
179;STIMA;2010/09/01;6756
27;STIMA;2010/09/02;7047
116;STIMA;2010/09/02;11840
132;STIMA;2010/09/02;22517
111;STIMA;2010/09/03;26738
137;LETTURA;2010/09/03;11096
175;STIMA;2010/09/03;19892
182;STIMA;2010/09/03;4202
221;STIMA;2010/09/03;29384
7;STIMA;2010/09/04;35750
107;STIMA;2010/09/04;24327
124;STIMA;2010/09/04;3786
155;STIMA;2010/09/04;22387
189;STIMA;2010/09/05;30587
195;STIMA;2010/09/05;33269
225;STIMA;2010/09/06;12877
216;STIMA;2010/09/07;5899
83;STIMA;2010/09/08;12862
136;STIMA;2010/09/08;15974
0;STIMA;2010/09/09;26368
39;STIMA;2010/09/09;44717
23;LETTURA;2010/09/10;2362
110;STIMA;2010/09/10;1386
239;STIMA;2010/09/10;6930
145;STIMA;2010/09/11;22382
170;LETTURA;2010/09/11;23675
161;LETTURA;2010/09/12;1492
4;STIMA;2010/09/13;16769
31;LETTURA;2010/09/13;6516
193;LETTURA;2010/09/13;22011
37;STIMA;2010/09/14;6361
68;STIMA;2010/09/14;41937
161;LETTURA;2010/09/14;1753
164;STIMA;2010/09/14;59539
190;STIMA;2010/09/15;2012
248;STIMA;2010/09/15;9121
79;STIMA;2010/09/16;4841
123;LETTURA;2010/09/16;14008
230;STIMA;2010/09/16;24492
128;STIMA;2010/09/17;9295
37;STIMA;2010/09/18;8047
83;STIMA;2010/09/19;20254
150;STIMA;2010/09/19;2348
155;STIMA;2010/09/19;23216
163;STIMA;2010/09/19;5183
26;STIMA;2010/09/20;15152
169;STIMA;2010/09/20;12400
2;LETTURA;2010/09/21;33505
64;STIMA;2010/09/21;7696
128;LETTURA;2010/09/21;10857
202;LETTURA;2010/09/21;1306
65;LETTURA;2010/09/22;4817
70;STIMA;2010/09/22;9828
127;STIMA;2010/09/22;12467
18;LETTURA;2010/09/23;22556
53;STIMA;2010/09/23;2674
145;LETTURA;2010/09/23;22606
178;STIMA;2010/09/23;10138
196;STIMA;2010/09/24;9850
24;STIMA;2010/09/25;2748
34;LETTURA;2010/09/25;21414
115;STIMA;2010/09/25;3858
92;STIMA;2010/09/26;7301
99;STIMA;2010/09/26;18247
62;LETTURA;2010/09/27;2164
191;STIMA;2010/09/28;11912
201;STIMA;2010/09/28;10401
248;STIMA;2010/09/28;14569
149;STIMA;2010/09/29;10671
49;LETTURA;2010/09/30;9728
99;STIMA;2010/09/30;18538
5;STIMA;2010/10/01;42286
112;STIMA;2010/10/01;4525
138;STIMA;2010/10/01;6327
209;STIMA;2010/10/01;6204
38;STIMA;2010/10/02;20138
60;STIMA;2010/10/02;16297
107;STIMA;2010/10/02;29735
182;STIMA;2010/10/02;8361
233;LETTURA;2010/10/02;30905
2;STIMA;2010/10/03;40671
178;STIMA;2010/10/03;11563
179;STIMA;2010/10/03;7149
185;STIMA;2010/10/03;10957
47;STIMA;2010/10/04;3316
245;STIMA;2010/10/04;1071
100;STIMA;2010/10/05;20696
110;STIMA;2010/10/05;2572
205;STIMA;2010/10/05;2355
51;STIMA;2010/10/06;41549
51;STIMA;2010/10/07;43030
74;STIMA;2010/10/07;8234
103;LETTURA;2010/10/07;9481
187;STIMA;2010/10/07;31406
68;STIMA;2010/10/08;41960
101;STIMA;2010/10/08;4786
135;STIMA;2010/10/08;22486
86;STIMA;2010/10/10;2359
137;STIMA;2010/10/10;11265
193;LETTURA;2010/10/10;28760
224;STIMA;2010/10/10;5892
64;STIMA;2010/10/11;19835
102;STIMA;2010/10/11;20165
116;STIMA;2010/10/11;13439
174;STIMA;2010/10/11;534
67;STIMA;2010/10/12;21659
240;STIMA;2010/10/12;1991
241;STIMA;2010/10/12;1404
104;STIMA;2010/10/13;6669
237;STIMA;2010/10/13;46048
249;STIMA;2010/10/13;35614
34;LETTURA;2010/10/14;21758
35;STIMA;2010/10/14;31748
51;LETTURA;2010/10/14;50350
80;LETTURA;2010/10/14;161
118;STIMA;2010/10/14;7209
198;STIMA;2010/10/14;25141
211;STIMA;2010/10/15;8708
229;STIMA;2010/10/15;6340
90;STIMA;2010/10/17;3133
129;STIMA;2010/10/17;10593
3;STIMA;2010/10/18;6077
133;LETTURA;2010/10/18;2988
56;STIMA;2010/10/19;13103
22;STIMA;2010/10/20;3875
84;LETTURA;2010/10/20;2688
220;STIMA;2010/10/20;5371
183;LETTURA;2010/10/21;13106
196;LETTURA;2010/10/21;10758
221;STIMA;2010/10/21;45212
100;LETTURA;2010/10/22;22645
197;STIMA;2010/10/22;3542
154;LETTURA;2010/10/23;9668
156;STIMA;2010/10/23;2368
241;STIMA;2010/10/23;2346
36;STIMA;2010/10/24;13364
40;STIMA;2010/10/24;1016
46;STIMA;2010/10/24;19468
170;LETTURA;2010/10/25;27808
184;STIMA;2010/10/25;5710
190;STIMA;2010/10/25;2382
125;STIMA;2010/10/26;12415
200;STIMA;2010/10/26;3872
11;LETTURA;2010/10/27;9664
167;STIMA;2010/10/27;16358
195;STIMA;2010/10/28;36690
200;LETTURA;2010/10/28;4352
215;LETTURA;2010/10/28;6536
170;STIMA;2010/10/29;43478
206;STIMA;2010/10/29;13120
249;STIMA;2010/10/29;36998
103;STIMA;2010/10/30;10780
58;STIMA;2010/10/31;27181
80;STIMA;2010/10/31;4837
4;STIMA;2010/11/01;17718
14;STIMA;2010/11/01;6760
34;LETTURA;2010/11/01;23966
201;STIMA;2010/11/01;11448
234;STIMA;2010/11/01;5023
249;STIMA;2010/11/01;37546
240;STIMA;2010/11/02;2344
84;STIMA;2010/11/03;9908
127;STIMA;2010/11/03;14858
246;STIMA;2010/11/03;19400
0;STIMA;2010/11/04;28654
40;STIMA;2010/11/04;2166
43;STIMA;2010/11/04;23385
68;STIMA;2010/11/04;47319
71;STIMA;2010/11/04;14118
42;STIMA;2010/11/05;19870
228;LETTURA;2010/11/05;10305
109;STIMA;2010/11/06;18629
120;LETTURA;2010/11/06;9040
132;STIMA;2010/11/06;23350
210;STIMA;2010/11/06;22285
225;STIMA;2010/11/06;13828
130;LETTURA;2010/11/08;17473
231;LETTURA;2010/11/08;10
62;STIMA;2010/11/09;4560
158;STIMA;2010/11/09;9895
33;STIMA;2010/11/10;35749
221;LETTURA;2010/11/10;55440
5;STIMA;2010/11/11;51294
235;STIMA;2010/11/11;1381
119;STIMA;2010/11/12;5992
125;STIMA;2010/11/12;12443
183;STIMA;2010/11/12;18746
38;STIMA;2010/11/13;27349
61;STIMA;2010/11/13;10046
121;STIMA;2010/11/13;15854
124;STIMA;2010/11/13;6977
137;LETTURA;2010/11/13;11426
179;LETTURA;2010/11/13;7500
7;STIMA;2010/11/14;49584
147;LETTURA;2010/11/14;8772
162;STIMA;2010/11/14;21859
182;STIMA;2010/11/14;8386
198;STIMA;2010/11/14;29153
205;STIMA;2010/11/14;2716
207;STIMA;2010/11/14;2597
12;STIMA;2010/11/15;3420
121;STIMA;2010/11/16;16350
129;STIMA;2010/11/16;11454
187;STIMA;2010/11/16;33467
188;STIMA;2010/11/17;5577
97;STIMA;2010/11/18;11893
104;LETTURA;2010/11/18;9184
23;STIMA;2010/11/19;9458
87;LETTURA;2010/11/20;12157
141;STIMA;2010/11/20;15460
191;STIMA;2010/11/20;16919
58;STIMA;2010/11/22;28224
70;STIMA;2010/11/22;10723
92;STIMA;2010/11/22;7896
96;LETTURA;2010/11/22;2306
128;LETTURA;2010/11/22;17877
190;STIMA;2010/11/23;2638
218;STIMA;2010/11/23;17047
7;STIMA;2010/11/24;52030
206;STIMA;2010/11/24;18812
6;STIMA;2010/11/27;23653
96;STIMA;2010/11/27;5359
16;LETTURA;2010/11/28;24458
22;STIMA;2010/11/28;7089
59;STIMA;2010/11/28;623
106;STIMA;2010/11/28;6235
200;LETTURA;2010/11/29;6333
117;STIMA;2010/11/30;1633
134;STIMA;2010/12/01;9836
132;LETTURA;2010/12/02;24159
221;STIMA;2010/12/02;59781
140;STIMA;2010/12/03;22383
16;STIMA;2010/12/04;32136
179;STIMA;2010/12/05;9033
86;STIMA;2010/12/07;3592
105;STIMA;2010/12/08;11673
224;STIMA;2010/12/08;8946
21;STIMA;2010/12/09;9424
54;STIMA;2010/12/09;5353
85;LETTURA;2010/12/09;2291
233;STIMA;2010/12/09;33551
222;STIMA;2010/12/10;35819
19;LETTURA;2010/12/11;3185
62;STIMA;2010/12/11;6469
104;STIMA;2010/12/12;13276
89;LETTURA;2010/12/13;5255
96;STIMA;2010/12/13;8668
189;STIMA;2010/12/13;33786
203;STIMA;2010/12/13;3691
138;LETTURA;2010/12/14;6393
151;STIMA;2010/12/14;6474
68;STIMA;2010/12/15;51883
155;STIMA;2010/12/15;24206
205;STIMA;2010/12/15;2946
209;STIMA;2010/12/15;11514
221;STIMA;2010/12/15;62182
115;STIMA;2010/12/16;4623
60;STIMA;2010/12/17;17117
116;STIMA;2010/12/17;14156
127;STIMA;2010/12/17;20997
170;STIMA;2010/12/17;43602
109;STIMA;2010/12/18;19307
54;STIMA;2010/12/19;6675
64;STIMA;2010/12/19;20549
108;LETTURA;2010/12/19;31407
224;STIMA;2010/12/19;10978
226;LETTURA;2010/12/19;324
189;LETTURA;2010/12/20;33927
126;LETTURA;2010/12/21;10736
207;STIMA;2010/12/21;3489
0;LETTURA;2010/12/22;28824
108;STIMA;2010/12/22;37138
41;STIMA;2010/12/23;30491
224;STIMA;2010/12/23;16269
247;STIMA;2010/12/24;3731
193;STIMA;2010/12/25;31560
97;STIMA;2010/12/26;14493
124;STIMA;2010/12/26;8113
130;STIMA;2010/12/26;17480
181;STIMA;2010/12/26;1745
146;LETTURA;2010/12/27;1294
73;LETTURA;2010/12/28;7342
102;STIMA;2010/12/28;28914
137;STIMA;2010/12/28;15071
84;STIMA;2010/12/29;14866
91;LETTURA;2010/12/29;13907
16;STIMA;2010/12/30;39290
27;STIMA;2010/12/30;8228
77;STIMA;2010/12/30;16251
6;STIMA;2011/01/00;27871
23;LETTURA;2011/01/00;12690
54;STIMA;2011/01/00;16142
64;STIMA;2011/01/01;22112
162;STIMA;2011/01/02;22689
173;STIMA;2011/01/02;35534
231;STIMA;2011/01/02;3686
21;STIMA;2011/01/03;11909
80;STIMA;2011/01/03;8413
85;STIMA;2011/01/03;5538
157;LETTURA;2011/01/03;9250
158;STIMA;2011/01/03;11974
184;STIMA;2011/01/03;7503
205;STIMA;2011/01/03;3810
240;LETTURA;2011/01/03;5247
81;STIMA;2011/01/04;7909
216;STIMA;2011/01/05;7326
28;STIMA;2011/01/06;5457
26;STIMA;2011/01/07;18486
117;STIMA;2011/01/07;2376
185;STIMA;2011/01/07;11890
11;STIMA;2011/01/09;9804
93;STIMA;2011/01/09;3710
118;STIMA;2011/01/09;7902
154;STIMA;2011/01/09;10576
181;STIMA;2011/01/09;2015
17;STIMA;2011/01/10;9434
232;STIMA;2011/01/10;16618
180;LETTURA;2011/01/11;39904
242;STIMA;2011/01/11;12315
38;LETTURA;2011/01/12;30171
100;STIMA;2011/01/12;29934
116;STIMA;2011/01/12;14414
112;LETTURA;2011/01/13;4786
227;STIMA;2011/01/13;22450
73;LETTURA;2011/01/14;9271
108;STIMA;2011/01/14;38926
242;STIMA;2011/01/14;14294
134;LETTURA;2011/01/15;23340
143;STIMA;2011/01/15;24352
234;STIMA;2011/01/15;8017
245;STIMA;2011/01/15;2522
158;STIMA;2011/01/17;16080
176;STIMA;2011/01/17;32662
21;STIMA;2011/01/18;21962
129;STIMA;2011/01/18;24277
165;STIMA;2011/01/19;19211
179;STIMA;2011/01/19;10007
204;STIMA;2011/01/19;6196
152;STIMA;2011/01/20;2227
174;STIMA;2011/01/20;1931
194;STIMA;2011/01/20;4099
205;STIMA;2011/01/20;4439
232;STIMA;2011/01/20;20738
57;LETTURA;2011/01/21;22061
140;LETTURA;2011/01/21;23688
188;STIMA;2011/01/21;6450
220;STIMA;2011/01/21;5865
244;STIMA;2011/01/21;10811
27;STIMA;2011/01/22;10468
3;LETTURA;2011/01/23;6475
23;LETTURA;2011/01/23;12791
79;STIMA;2011/01/23;5699
137;LETTURA;2011/01/23;21019
98;STIMA;2011/01/24;29473
110;STIMA;2011/01/24;4223
212;LETTURA;2011/01/24;3539
53;LETTURA;2011/01/25;2817
84;STIMA;2011/01/25;19268
224;STIMA;2011/01/25;18448
80;STIMA;2011/01/26;8849
115;STIMA;2011/01/26;5035
149;STIMA;2011/01/26;13708
239;STIMA;2011/01/26;11338
42;LETTURA;2011/01/27;20044
21;STIMA;2011/01/28;27068
42;STIMA;2011/01/28;26603
98;STIMA;2011/01/28;29529
226;LETTURA;2011/01/28;2951
230;LETTURA;2011/01/28;29594
33;STIMA;2011/01/29;45360
91;STIMA;2011/01/29;25824
112;STIMA;2011/01/29;5008
122;STIMA;2011/01/29;14768
176;STIMA;2011/01/29;35410
25;LETTURA;2011/01/30;7097
184;STIMA;2011/01/31;7618
92;STIMA;2011/02/01;10915
121;STIMA;2011/02/01;17666
138;STIMA;2011/02/02;7159
230;STIMA;2011/02/02;34756
190;STIMA;2011/02/04;4159
65;STIMA;2011/02/05;8194
71;LETTURA;2011/02/05;16558
109;STIMA;2011/02/05;20242
247;STIMA;2011/02/05;4112
17;LETTURA;2011/02/06;10715
90;STIMA;2011/02/08;3685
170;STIMA;2011/02/08;46872
243;STIMA;2011/02/08;4573
137;LETTURA;2011/02/09;21784
191;STIMA;2011/02/09;19017
228;STIMA;2011/02/10;14792
28;STIMA;2011/02/12;7194
190;LETTURA;2011/02/12;6621
151;STIMA;2011/02/13;7664
23;STIMA;2011/02/14;13279
195;STIMA;2011/02/14;37865
151;STIMA;2011/02/15;8875
159;STIMA;2011/02/15;2552
26;STIMA;2011/02/16;18772
39;STIMA;2011/02/17;47152
120;LETTURA;2011/02/17;21902
189;STIMA;2011/02/17;37752
1;LETTURA;2011/02/18;24785
136;STIMA;2011/02/18;26765
12;STIMA;2011/02/19;6523
167;LETTURA;2011/02/19;20860
201;STIMA;2011/02/19;11450
47;STIMA;2011/02/20;5534
78;STIMA;2011/02/20;8452
114;LETTURA;2011/02/20;15896
5;STIMA;2011/02/21;51658
31;STIMA;2011/02/22;10361
139;STIMA;2011/02/23;12522
65;LETTURA;2011/02/24;8353
101;STIMA;2011/02/24;6050
152;STIMA;2011/02/24;4764
50;LETTURA;2011/02/25;8181
62;STIMA;2011/02/25;7425
91;STIMA;2011/02/25;27638
103;STIMA;2011/02/25;10938
192;STIMA;2011/02/25;22427
83;STIMA;2011/02/26;22696
95;LETTURA;2011/02/26;998
79;STIMA;2011/02/27;7086
158;LETTURA;2011/02/27;16780
6;STIMA;2011/02/28;30367
22;STIMA;2011/02/28;9203
66;STIMA;2011/02/28;8731
77;STIMA;2011/02/28;24183
79;STIMA;2011/02/28;38674
107;STIMA;2011/02/28;33744
128;STIMA;2011/03/01;19126
150;LETTURA;2011/03/02;8187
209;LETTURA;2011/03/02;12897
201;STIMA;2011/03/03;13576
213;STIMA;2011/03/03;9551
131;STIMA;2011/03/04;26888
249;STIMA;2011/03/04;42897
59;STIMA;2011/03/05;2024
142;STIMA;2011/03/05;14717
223;STIMA;2011/03/05;6916
64;STIMA;2011/03/06;22485
67;LETTURA;2011/03/07;22182
202;STIMA;2011/03/07;2178
102;LETTURA;2011/03/08;34817
20;STIMA;2011/03/09;1856
70;STIMA;2011/03/09;13579
129;STIMA;2011/03/09;26770
160;STIMA;2011/03/09;14796
207;LETTURA;2011/03/09;3875
239;STIMA;2011/03/09;18309
247;STIMA;2011/03/09;5668
62;STIMA;2011/03/10;9862
155;STIMA;2011/03/10;25145
228;LETTURA;2011/03/10;16037
84;LETTURA;2011/03/12;22217
204;STIMA;2011/03/13;7724
229;LETTURA;2011/03/13;9744
93;STIMA;2011/03/14;18536
117;STIMA;2011/03/14;4277
74;STIMA;2011/03/15;17345
146;STIMA;2011/03/15;1806
181;STIMA;2011/03/15;3246
44;STIMA;2011/03/16;19241
237;STIMA;2011/03/16;46072
243;STIMA;2011/03/16;5132
23;STIMA;2011/03/17;13548
48;STIMA;2011/03/17;8442
65;STIMA;2011/03/17;10287
84;LETTURA;2011/03/17;30633
228;STIMA;2011/03/17;22584
165;STIMA;2011/03/18;23720
243;STIMA;2011/03/18;7991
204;STIMA;2011/03/19;17835
216;STIMA;2011/03/19;7949
157;STIMA;2011/03/20;14203
68;STIMA;2011/03/21;54384
130;STIMA;2011/03/21;20215
89;STIMA;2011/03/22;11377
166;LETTURA;2011/03/22;10922
5;STIMA;2011/03/23;55185
233;STIMA;2011/03/24;36240
68;LETTURA;2011/03/25;55305
83;STIMA;2011/03/25;27833
85;LETTURA;2011/03/25;15001
209;STIMA;2011/03/25;17189
223;STIMA;2011/03/25;7400
56;STIMA;2011/03/26;16863
78;STIMA;2011/03/26;13988
163;LETTURA;2011/03/26;5516
5;STIMA;2011/03/27;55833
19;STIMA;2011/03/27;6663
13;STIMA;2011/03/28;6862
175;LETTURA;2011/03/28;20047
185;STIMA;2011/03/28;13147
62;STIMA;2011/03/29;10568
236;STIMA;2011/03/29;12801
167;STIMA;2011/03/30;29971
197;STIMA;2011/03/30;3990
238;LETTURA;2011/03/30;8396
48;LETTURA;2011/03/31;11790
85;STIMA;2011/03/31;18774
222;STIMA;2011/03/31;36189
243;STIMA;2011/03/31;8816
57;STIMA;2011/04/01;24787
110;STIMA;2011/04/01;5074
238;STIMA;2011/04/01;11183
74;STIMA;2011/04/02;20158
238;STIMA;2011/04/02;12436
89;STIMA;2011/04/03;22656
108;STIMA;2011/04/03;46275
71;STIMA;2011/04/04;25842
123;STIMA;2011/04/04;15271
132;STIMA;2011/04/04;24320
133;STIMA;2011/04/04;3051
228;STIMA;2011/04/04;22761
249;LETTURA;2011/04/04;49711
154;STIMA;2011/04/05;15492
14;STIMA;2011/04/06;6883
53;STIMA;2011/04/06;5741
75;LETTURA;2011/04/06;5017
139;STIMA;2011/04/06;21057
149;STIMA;2011/04/07;26460
35;STIMA;2011/04/08;43406
133;STIMA;2011/04/09;5567
87;LETTURA;2011/04/10;19651
61;STIMA;2011/04/12;10115
131;STIMA;2011/04/12;29902
165;STIMA;2011/04/12;25689
200;STIMA;2011/04/12;6711
53;STIMA;2011/04/13;6370
189;STIMA;2011/04/13;46526
207;LETTURA;2011/04/13;4107
234;STIMA;2011/04/13;9560
246;STIMA;2011/04/13;21051
248;LETTURA;2011/04/15;15320
240;LETTURA;2011/04/16;19231
11;STIMA;2011/04/17;10955
63;STIMA;2011/04/17;13490
31;STIMA;2011/04/18;20907
104;LETTURA;2011/04/18;45309
179;STIMA;2011/04/18;14198
153;LETTURA;2011/04/19;5470
176;LETTURA;2011/04/19;59998
213;STIMA;2011/04/19;10157
47;STIMA;2011/04/20;12637
228;STIMA;2011/04/21;23561
37;LETTURA;2011/04/22;8303
42;STIMA;2011/04/22;34022
162;STIMA;2011/04/22;23025
225;STIMA;2011/04/22;16024
44;STIMA;2011/04/23;24620
62;STIMA;2011/04/24;13971
124;STIMA;2011/04/24;8833
107;STIMA;2011/04/25;34783
127;STIMA;2011/04/25;21076
148;STIMA;2011/04/25;28567
200;STIMA;2011/04/25;7162
212;STIMA;2011/04/25;5778
38;LETTURA;2011/04/26;36799
114;STIMA;2011/04/26;18482
150;STIMA;2011/04/26;8479
166;STIMA;2011/04/27;11149
77;STIMA;2011/04/28;28308
99;STIMA;2011/04/28;23901
184;STIMA;2011/04/28;8885
55;LETTURA;2011/04/29;5969
70;STIMA;2011/04/29;20031
223;STIMA;2011/04/29;14849
229;STIMA;2011/04/29;13198
67;STIMA;2011/04/30;37376
7;STIMA;2011/05/01;62137
47;STIMA;2011/05/01;13182
68;STIMA;2011/05/01;56244
104;STIMA;2011/05/01;50354
134;LETTURA;2011/05/01;26532
161;STIMA;2011/05/01;2016
163;STIMA;2011/05/01;5546
65;STIMA;2011/05/02;10397
79;STIMA;2011/05/02;40495
126;STIMA;2011/05/02;14315
175;STIMA;2011/05/03;23843
242;STIMA;2011/05/03;22479
34;STIMA;2011/05/04;24473
175;STIMA;2011/05/04;24295
184;STIMA;2011/05/04;9609
192;STIMA;2011/05/04;22446
6;STIMA;2011/05/05;46716
99;STIMA;2011/05/05;30036
118;LETTURA;2011/05/05;9455
161;STIMA;2011/05/05;3425
103;STIMA;2011/05/06;14047
249;STIMA;2011/05/06;53488
110;LETTURA;2011/05/07;6126
204;STIMA;2011/05/07;25942
236;STIMA;2011/05/07;13491
171;STIMA;2011/05/08;499
79;STIMA;2011/05/09;43937
134;STIMA;2011/05/09;34306
156;STIMA;2011/05/09;4619
202;STIMA;2011/05/09;4192
38;STIMA;2011/05/10;44338
57;STIMA;2011/05/10;32377
85;LETTURA;2011/05/10;25158
36;STIMA;2011/05/11;18223
181;STIMA;2011/05/11;4297
77;STIMA;2011/05/12;31671
198;STIMA;2011/05/12;29594
245;STIMA;2011/05/12;2911
217;STIMA;2011/05/13;5865
198;LETTURA;2011/05/14;31579
229;STIMA;2011/05/14;13409
185;STIMA;2011/05/15;13639
212;STIMA;2011/05/15;7036
26;STIMA;2011/05/16;20700
164;STIMA;2011/05/16;67912
183;STIMA;2011/05/16;32099
227;STIMA;2011/05/16;40177
77;STIMA;2011/05/17;44265
68;STIMA;2011/05/18;63005
76;STIMA;2011/05/18;17706
219;STIMA;2011/05/18;7551
221;LETTURA;2011/05/18;62650
35;STIMA;2011/05/19;55765
73;STIMA;2011/05/19;10243
242;STIMA;2011/05/19;24606
6;LETTURA;2011/05/22;50587
144;STIMA;2011/05/22;22472
52;LETTURA;2011/05/23;3310
55;LETTURA;2011/05/23;9441
73;STIMA;2011/05/23;15413
74;STIMA;2011/05/23;21205
22;STIMA;2011/05/24;10296
94;STIMA;2011/05/24;4101
122;STIMA;2011/05/24;18927
11;STIMA;2011/05/25;11862
93;STIMA;2011/05/25;20487
41;LETTURA;2011/05/26;37110
69;STIMA;2011/05/27;5962
131;STIMA;2011/05/27;30980
176;STIMA;2011/05/27;63040
182;STIMA;2011/05/27;8857
190;STIMA;2011/05/27;11917
241;STIMA;2011/05/27;3073
13;STIMA;2011/05/30;11323
83;STIMA;2011/05/30;33239
77;STIMA;2011/05/31;45886
80;LETTURA;2011/05/31;10708
108;STIMA;2011/05/31;56598
176;STIMA;2011/05/31;65213
201;STIMA;2011/05/31;21127
19;STIMA;2011/06/01;7307
24;STIMA;2011/06/01;3327
72;STIMA;2011/06/01;21517
55;LETTURA;2011/06/02;13693
111;STIMA;2011/06/02;29521
124;STIMA;2011/06/02;9040
147;STIMA;2011/06/02;9622
205;STIMA;2011/06/02;5519
59;STIMA;2011/06/03;3222
190;STIMA;2011/06/03;13056
200;STIMA;2011/06/03;7416
244;STIMA;2011/06/04;11506
165;STIMA;2011/06/05;29842
235;STIMA;2011/06/05;1452
72;STIMA;2011/06/06;24381
95;STIMA;2011/06/06;15718
157;STIMA;2011/06/06;22218
205;STIMA;2011/06/06;6550
3;STIMA;2011/06/08;6963
71;STIMA;2011/06/08;38630
115;STIMA;2011/06/08;7217
27;STIMA;2011/06/09;10518
149;LETTURA;2011/06/09;29004
128;STIMA;2011/06/10;19464
16;STIMA;2011/06/11;43774
68;STIMA;2011/06/11;90625
88;STIMA;2011/06/11;4701
15;STIMA;2011/06/13;12572
137;STIMA;2011/06/13;22681
163;STIMA;2011/06/13;7036
29;STIMA;2011/06/14;4092
137;STIMA;2011/06/14;25804
40;STIMA;2011/06/16;2275
102;STIMA;2011/06/16;39547
6;STIMA;2011/06/17;51125
45;STIMA;2011/06/17;45302
46;STIMA;2011/06/18;23625
47;STIMA;2011/06/18;22285
22;STIMA;2011/06/19;21024
24;LETTURA;2011/06/19;4679
89;STIMA;2011/06/19;24613
135;STIMA;2011/06/19;26764
146;LETTURA;2011/06/19;1809
207;LETTURA;2011/06/19;4561
33;STIMA;2011/06/20;46688
196;LETTURA;2011/06/20;11434
224;LETTURA;2011/06/20;29847
247;STIMA;2011/06/20;6036
30;LETTURA;2011/06/21;12481
90;STIMA;2011/06/21;5191
126;STIMA;2011/06/21;18946
140;LETTURA;2011/06/21;24721
144;LETTURA;2011/06/21;24112
15;STIMA;2011/06/22;14270
45;LETTURA;2011/06/22;52162
47;STIMA;2011/06/22;33627
195;STIMA;2011/06/22;40319
241;STIMA;2011/06/22;3223
173;STIMA;2011/06/23;41736
178;LETTURA;2011/06/23;13690
209;STIMA;2011/06/23;25302
221;STIMA;2011/06/23;68425
121;STIMA;2011/06/24;18299
156;STIMA;2011/06/24;6390
195;STIMA;2011/06/25;47791
160;LETTURA;2011/06/27;25585
191;STIMA;2011/06/27;24879
226;STIMA;2011/06/27;4152
242;STIMA;2011/06/27;25180
226;LETTURA;2011/06/28;6974
5;STIMA;2011/06/29;66236
121;LETTURA;2011/06/29;21587
219;STIMA;2011/06/29;9504
1;STIMA;2011/06/30;29966
120;STIMA;2011/07/01;40823
15;STIMA;2011/07/02;14476
17;LETTURA;2011/07/02;10789
37;LETTURA;2011/07/02;13976
212;STIMA;2011/07/02;7218
29;STIMA;2011/07/03;4816
76;STIMA;2011/07/03;21149
81;STIMA;2011/07/03;8588
29;STIMA;2011/07/04;6236
101;LETTURA;2011/07/04;9741
123;STIMA;2011/07/04;16716
143;STIMA;2011/07/04;25797
149;STIMA;2011/07/04;30417
154;STIMA;2011/07/04;15835
184;STIMA;2011/07/04;10395
12;STIMA;2011/07/05;7518
96;STIMA;2011/07/06;8858
212;STIMA;2011/07/06;8176
47;STIMA;2011/07/07;36230
235;STIMA;2011/07/07;3681
106;LETTURA;2011/07/08;12610
114;STIMA;2011/07/08;20971
239;STIMA;2011/07/08;25576
69;LETTURA;2011/07/09;10909
98;STIMA;2011/07/09;31833
202;STIMA;2011/07/09;5311
19;STIMA;2011/07/10;7554
196;STIMA;2011/07/10;12747
108;STIMA;2011/07/11;56914
6;STIMA;2011/07/12;60648
140;STIMA;2011/07/12;25536
1;STIMA;2011/07/13;35758
14;LETTURA;2011/07/13;8952
78;STIMA;2011/07/13;29229
84;STIMA;2011/07/13;31224
185;STIMA;2011/07/13;15510
93;STIMA;2011/07/14;21981
65;LETTURA;2011/07/15;13309
234;STIMA;2011/07/15;10973
65;STIMA;2011/07/16;16976
147;STIMA;2011/07/16;15804
148;STIMA;2011/07/16;31271
2;LETTURA;2011/07/17;49791
59;STIMA;2011/07/17;6831
87;STIMA;2011/07/17;21019
130;STIMA;2011/07/17;20572
167;STIMA;2011/07/17;40120
11;STIMA;2011/07/18;17718
43;STIMA;2011/07/18;27695
65;LETTURA;2011/07/18;24547
129;STIMA;2011/07/18;47472
201;LETTURA;2011/07/18;25726
232;STIMA;2011/07/19;24293
75;STIMA;2011/07/20;6001
221;STIMA;2011/07/20;70309
202;STIMA;2011/07/21;6420
90;STIMA;2011/07/22;8009
137;STIMA;2011/07/22;33386
78;STIMA;2011/07/23;40865
109;STIMA;2011/07/23;20983
118;STIMA;2011/07/23;11382
155;LETTURA;2011/07/23;27077
178;STIMA;2011/07/23;16060
102;STIMA;2011/07/24;40702
156;STIMA;2011/07/24;11360
208;LETTURA;2011/07/24;8380
14;STIMA;2011/07/25;9718
69;STIMA;2011/07/25;12538
96;STIMA;2011/07/26;10429
101;STIMA;2011/07/26;12156
127;LETTURA;2011/07/26;27327
116;STIMA;2011/07/27;14782
4;STIMA;2011/07/28;18266
166;STIMA;2011/07/28;13129
224;LETTURA;2011/07/28;33548
54;STIMA;2011/07/29;23117
41;LETTURA;2011/07/30;38528
78;STIMA;2011/07/30;45328
122;STIMA;2011/07/30;24662
246;STIMA;2011/07/30;24967
38;STIMA;2011/07/31;48363
51;STIMA;2011/07/31;66687
107;STIMA;2011/08/01;50603
2;LETTURA;2011/08/02;63008
93;STIMA;2011/08/02;25409
118;STIMA;2011/08/02;12938
131;STIMA;2011/08/02;36433
170;STIMA;2011/08/02;49349
210;STIMA;2011/08/02;27016
228;STIMA;2011/08/02;25527
11;STIMA;2011/08/03;22456
75;STIMA;2011/08/03;6006
129;STIMA;2011/08/03;53369
244;STIMA;2011/08/03;11892
89;STIMA;2011/08/04;27314
112;STIMA;2011/08/05;6057
169;STIMA;2011/08/05;13236
219;LETTURA;2011/08/05;10915
15;LETTURA;2011/08/06;16860
87;LETTURA;2011/08/06;27851
203;LETTURA;2011/08/06;11533
91;STIMA;2011/08/07;37635
105;STIMA;2011/08/07;11773
61;LETTURA;2011/08/08;13215
68;STIMA;2011/08/08;90697
194;STIMA;2011/08/08;7777
152;STIMA;2011/08/09;4779
248;STIMA;2011/08/09;21782
9;STIMA;2011/08/10;18686
4;STIMA;2011/08/11;24178
192;LETTURA;2011/08/11;24031
166;STIMA;2011/08/12;15123
182;STIMA;2011/08/12;8889
46;STIMA;2011/08/13;24764
141;STIMA;2011/08/13;21408
174;LETTURA;2011/08/13;2717
226;STIMA;2011/08/13;19644
13;STIMA;2011/08/14;15468
53;STIMA;2011/08/14;6388
61;LETTURA;2011/08/15;16698
110;STIMA;2011/08/15;6321
81;LETTURA;2011/08/16;11316
246;STIMA;2011/08/16;32035
197;STIMA;2011/08/17;10395
190;STIMA;2011/08/18;13075
192;STIMA;2011/08/18;26719
58;STIMA;2011/08/19;29202
49;STIMA;2011/08/20;34503
51;STIMA;2011/08/20;71978
175;STIMA;2011/08/20;29959
223;STIMA;2011/08/20;24252
45;STIMA;2011/08/21;56513
55;STIMA;2011/08/21;14532
60;LETTURA;2011/08/21;17772
17;STIMA;2011/08/22;10808
203;STIMA;2011/08/22;13801
29;STIMA;2011/08/23;7305
39;STIMA;2011/08/23;63479
43;STIMA;2011/08/23;30163
191;STIMA;2011/08/24;26693
9;LETTURA;2011/08/25;25612
12;STIMA;2011/08/25;10805
57;STIMA;2011/08/25;49440
127;STIMA;2011/08/25;35033
135;LETTURA;2011/08/25;32734
242;STIMA;2011/08/25;31931
57;STIMA;2011/08/26;50739
121;STIMA;2011/08/26;24151
48;STIMA;2011/08/27;15459
26;STIMA;2011/08/28;21374
102;STIMA;2011/08/28;41280
131;STIMA;2011/08/28;38776
47;STIMA;2011/08/29;38102
80;LETTURA;2011/08/29;10992
29;STIMA;2011/08/30;8592
43;STIMA;2011/08/30;40282
56;STIMA;2011/08/30;23269
76;LETTURA;2011/08/30;21203
107;LETTURA;2011/08/30;51692
56;LETTURA;2011/08/31;24979
93;STIMA;2011/08/31;29767
1;STIMA;2011/09/01;37449
74;STIMA;2011/09/01;22804
89;STIMA;2011/09/02;28599
175;LETTURA;2011/09/02;38328
205;STIMA;2011/09/02;6674
83;STIMA;2011/09/03;37976
88;STIMA;2011/09/03;10200
153;STIMA;2011/09/03;7095
54;STIMA;2011/09/04;23532
84;STIMA;2011/09/04;32498
139;STIMA;2011/09/04;22120
189;STIMA;2011/09/04;49645
128;STIMA;2011/09/05;31921
223;STIMA;2011/09/05;25410
69;LETTURA;2011/09/06;21985
89;STIMA;2011/09/06;29526
244;STIMA;2011/09/07;13266
97;STIMA;2011/09/08;30346
117;STIMA;2011/09/08;5614
182;LETTURA;2011/09/08;9546
188;STIMA;2011/09/08;12108
112;STIMA;2011/09/09;6142
124;STIMA;2011/09/09;9888
135;LETTURA;2011/09/09;35928
14;STIMA;2011/09/11;15147
123;STIMA;2011/09/11;20830
18;STIMA;2011/09/12;23828
95;STIMA;2011/09/12;20938
220;STIMA;2011/09/12;6146
0;STIMA;2011/09/13;47763
91;STIMA;2011/09/13;39025
29;STIMA;2011/09/14;8628
179;STIMA;2011/09/14;18442
5;STIMA;2011/09/15;68458
80;STIMA;2011/09/15;13171
95;STIMA;2011/09/15;25250
130;LETTURA;2011/09/15;21267
208;STIMA;2011/09/15;11032
18;STIMA;2011/09/16;28008
115;LETTURA;2011/09/17;13748
160;LETTURA;2011/09/17;44391
193;STIMA;2011/09/17;36817
199;STIMA;2011/09/17;29818
21;STIMA;2011/09/18;27717
27;STIMA;2011/09/18;11480
69;STIMA;2011/09/18;22856
72;STIMA;2011/09/18;24678
116;STIMA;2011/09/18;18512
131;LETTURA;2011/09/18;38813
149;STIMA;2011/09/18;31173
12;STIMA;2011/09/19;11741
138;STIMA;2011/09/19;8205
197;STIMA;2011/09/19;11762
7;LETTURA;2011/09/20;67785
63;STIMA;2011/09/20;13650
106;STIMA;2011/09/20;27903
234;STIMA;2011/09/20;12124
161;STIMA;2011/09/21;4960
74;LETTURA;2011/09/22;27349
133;STIMA;2011/09/22;5610
230;STIMA;2011/09/22;40258
240;STIMA;2011/09/22;21437
152;STIMA;2011/09/23;5871
182;STIMA;2011/09/23;9865
110;STIMA;2011/09/24;6999
29;STIMA;2011/09/25;9416
55;STIMA;2011/09/25;18923
145;LETTURA;2011/09/25;29183
192;STIMA;2011/09/25;28825
204;STIMA;2011/09/25;30518
48;LETTURA;2011/09/26;18940
133;LETTURA;2011/09/26;10589
150;STIMA;2011/09/26;8844
151;STIMA;2011/09/26;9820
108;STIMA;2011/09/28;70027
232;LETTURA;2011/09/28;28041
233;STIMA;2011/09/28;46800
234;STIMA;2011/09/28;12380
36;STIMA;2011/09/29;20808
133;STIMA;2011/09/29;17890
194;STIMA;2011/09/29;9284
74;STIMA;2011/09/30;34038
122;STIMA;2011/09/30;24991
245;STIMA;2011/09/30;3581
234;LETTURA;2011/10/01;12392
3;STIMA;2011/10/02;7027
34;STIMA;2011/10/02;28148
99;STIMA;2011/10/02;31147
202;STIMA;2011/10/02;7644
24;LETTURA;2011/10/03;5269
174;STIMA;2011/10/03;3114
241;STIMA;2011/10/03;3674
42;STIMA;2011/10/04;36390
88;STIMA;2011/10/04;10805
150;STIMA;2011/10/04;9814
163;STIMA;2011/10/04;8466
147;STIMA;2011/10/06;18004
152;STIMA;2011/10/06;8999
149;STIMA;2011/10/07;38376
164;STIMA;2011/10/07;72338
208;STIMA;2011/10/07;12582
210;LETTURA;2011/10/07;29283
34;STIMA;2011/10/09;38958
80;STIMA;2011/10/09;13431
131;STIMA;2011/10/09;42401
15;STIMA;2011/10/10;23634
77;STIMA;2011/10/10;51187
29;LETTURA;2011/10/12;9611
119;STIMA;2011/10/12;6018
208;STIMA;2011/10/12;15162
19;STIMA;2011/10/13;8513
226;STIMA;2011/10/13;26512
6;STIMA;2011/10/14;61708
92;STIMA;2011/10/14;11701
119;STIMA;2011/10/15;7291
47;LETTURA;2011/10/16;39727
76;STIMA;2011/10/16;22463
146;STIMA;2011/10/16;2133
169;STIMA;2011/10/16;16268
2;STIMA;2011/10/17;73976
11;STIMA;2011/10/17;22568
68;LETTURA;2011/10/17;90839
111;STIMA;2011/10/17;32074
168;STIMA;2011/10/17;24901
199;STIMA;2011/10/17;30705
225;STIMA;2011/10/17;21237
51;STIMA;2011/10/18;80520
192;LETTURA;2011/10/19;30837
76;STIMA;2011/10/20;23138
98;STIMA;2011/10/20;34386
39;LETTURA;2011/10/21;63918
46;STIMA;2011/10/21;26082
94;LETTURA;2011/10/21;8937
139;STIMA;2011/10/21;23013
164;STIMA;2011/10/21;74658
206;STIMA;2011/10/21;19589
72;STIMA;2011/10/22;26033
190;STIMA;2011/10/22;14716
130;STIMA;2011/10/23;22080
17;STIMA;2011/10/24;11407
41;LETTURA;2011/10/24;40343
96;STIMA;2011/10/24;13255
98;STIMA;2011/10/24;38648
160;STIMA;2011/10/24;45654
183;STIMA;2011/10/24;38351
243;STIMA;2011/10/24;9627
244;STIMA;2011/10/24;17548
96;STIMA;2011/10/25;13664
132;STIMA;2011/10/25;28812
208;LETTURA;2011/10/25;16815
229;STIMA;2011/10/25;13775
153;LETTURA;2011/10/26;8181
165;LETTURA;2011/10/26;30407
189;STIMA;2011/10/26;52539
183;STIMA;2011/10/27;63236
92;STIMA;2011/10/28;16434
197;STIMA;2011/10/29;13963
217;STIMA;2011/10/29;6839
221;STIMA;2011/10/29;72457
121;LETTURA;2011/10/30;32235
128;STIMA;2011/10/30;35664
57;STIMA;2011/10/31;58818
50;STIMA;2011/11/01;14276
78;LETTURA;2011/11/01;45357
48;STIMA;2011/11/02;21765
53;LETTURA;2011/11/02;15173
87;LETTURA;2011/11/02;33212
188;STIMA;2011/11/02;19284
70;STIMA;2011/11/04;29000
142;STIMA;2011/11/04;34963
148;LETTURA;2011/11/04;31827
151;STIMA;2011/11/06;9829
163;LETTURA;2011/11/06;8839
171;STIMA;2011/11/06;4048
202;STIMA;2011/11/06;9669
74;STIMA;2011/11/07;38354
159;STIMA;2011/11/07;8374
213;STIMA;2011/11/07;10975
129;LETTURA;2011/11/08;54259
248;LETTURA;2011/11/08;24623
167;STIMA;2011/11/09;41273
39;STIMA;2011/11/10;66343
58;STIMA;2011/11/10;33389
196;STIMA;2011/11/10;13464
97;LETTURA;2011/11/11;31335
160;STIMA;2011/11/12;48780
201;LETTURA;2011/11/12;29362
43;STIMA;2011/11/13;55878
43;LETTURA;2011/11/14;55973
88;STIMA;2011/11/14;16707
101;STIMA;2011/11/14;17608
148;STIMA;2011/11/14;33900
14;LETTURA;2011/11/15;16572
64;STIMA;2011/11/15;31259
79;LETTURA;2011/11/15;44277
80;STIMA;2011/11/15;17576
166;LETTURA;2011/11/15;17348
174;STIMA;2011/11/15;3930
194;STIMA;2011/11/15;11618
230;STIMA;2011/11/15;40894
171;STIMA;2011/11/16;5350
200;STIMA;2011/11/16;8282
134;STIMA;2011/11/17;34853
34;STIMA;2011/11/18;47743
241;LETTURA;2011/11/18;4630
42;LETTURA;2011/11/19;37242
63;STIMA;2011/11/19;13811
72;STIMA;2011/11/19;26290
184;STIMA;2011/11/19;11329
245;LETTURA;2011/11/19;5931
139;LETTURA;2011/11/20;25161
206;STIMA;2011/11/22;22696
220;STIMA;2011/11/22;6815
97;STIMA;2011/11/23;34974
169;STIMA;2011/11/23;27697
14;STIMA;2011/11/24;16718
19;STIMA;2011/11/24;12009
155;STIMA;2011/11/24;27907
103;STIMA;2011/11/25;15989
189;STIMA;2011/11/28;57070
87;STIMA;2011/11/29;39435
102;STIMA;2011/11/29;44809
107;STIMA;2011/11/29;63530
137;LETTURA;2011/11/29;33934
211;LETTURA;2011/11/29;8857
0;LETTURA;2011/11/30;49707
87;STIMA;2011/11/30;39528
46;STIMA;2011/12/01;29458
98;STIMA;2011/12/01;39136
208;STIMA;2011/12/01;17726
231;STIMA;2011/12/01;4998
133;STIMA;2011/12/02;24463
34;STIMA;2011/12/03;50830
49;STIMA;2011/12/03;35054
147;STIMA;2011/12/03;19510
196;STIMA;2011/12/03;15110
247;STIMA;2011/12/03;6556
39;STIMA;2011/12/04;66961
125;STIMA;2011/12/04;13028
199;STIMA;2011/12/04;43162
209;STIMA;2011/12/04;25629
97;STIMA;2011/12/05;45743
141;STIMA;2011/12/06;21644
210;LETTURA;2011/12/06;32318
33;STIMA;2011/12/07;47971
116;STIMA;2011/12/07;34317
227;LETTURA;2011/12/07;43159
165;LETTURA;2011/12/09;34915
212;STIMA;2011/12/09;10411
45;LETTURA;2011/12/10;62362
236;STIMA;2011/12/10;14308
18;STIMA;2011/12/11;29397
63;STIMA;2011/12/11;16520
242;STIMA;2011/12/11;34310
164;LETTURA;2011/12/12;75515
212;STIMA;2011/12/12;10861
243;STIMA;2011/12/12;17014
190;STIMA;2011/12/13;15465
232;STIMA;2011/12/13;29664
100;STIMA;2011/12/14;32317
118;STIMA;2011/12/14;13183
118;STIMA;2011/12/15;15320
48;LETTURA;2011/12/17;22879
85;STIMA;2011/12/17;25419
99;STIMA;2011/12/17;33432
122;STIMA;2011/12/17;28562
151;STIMA;2011/12/17;9960
182;STIMA;2011/12/18;9911
195;STIMA;2011/12/18;50310
200;STIMA;2011/12/19;10237
1;STIMA;2011/12/20;38836
133;STIMA;2011/12/20;25936
243;STIMA;2011/12/20;20054
244;LETTURA;2011/12/20;17690
4;STIMA;2011/12/21;27928
167;STIMA;2011/12/21;42691
136;STIMA;2011/12/22;38187
197;STIMA;2011/12/23;20234
219;STIMA;2011/12/23;13699
205;STIMA;2011/12/24;10294
116;STIMA;2011/12/25;38146
69;LETTURA;2011/12/26;27037
141;STIMA;2011/12/26;25703
199;LETTURA;2011/12/26;50951
116;LETTURA;2011/12/27;42278
199;STIMA;2011/12/27;52870
99;LETTURA;2011/12/28;39389
114;STIMA;2011/12/28;24289
241;STIMA;2011/12/28;5188
89;STIMA;2011/12/29;31734
26;STIMA;2011/12/30;22237
27;STIMA;2011/12/30;12661
126;STIMA;2012/01/00;25398
4;LETTURA;2012/01/01;28513
154;STIMA;2012/01/01;17176
169;STIMA;2012/01/01;39317
98;STIMA;2012/01/02;48262
170;STIMA;2012/01/02;57004
245;LETTURA;2012/01/02;7614
187;STIMA;2012/01/03;46085
147;STIMA;2012/01/04;20039
232;LETTURA;2012/01/04;33542
64;STIMA;2012/01/05;54794
156;LETTURA;2012/01/05;13784
13;STIMA;2012/01/06;16753
249;STIMA;2012/01/06;54135
66;STIMA;2012/01/07;8882
75;STIMA;2012/01/07;7024
106;STIMA;2012/01/07;29267
147;STIMA;2012/01/07;20192
204;STIMA;2012/01/07;33200
76;STIMA;2012/01/09;23691
56;LETTURA;2012/01/10;39035
57;STIMA;2012/01/10;59640
78;STIMA;2012/01/10;45370
157;STIMA;2012/01/10;27293
158;LETTURA;2012/01/10;18223
243;STIMA;2012/01/10;31026
18;STIMA;2012/01/11;30029
235;STIMA;2012/01/11;4325
0;STIMA;2012/01/12;55995
159;LETTURA;2012/01/13;11145
71;STIMA;2012/01/14;43672
72;STIMA;2012/01/14;30642
126;STIMA;2012/01/14;36400
40;STIMA;2012/01/15;9486
160;STIMA;2012/01/15;49341
190;STIMA;2012/01/15;16356
80;STIMA;2012/01/16;24115
225;STIMA;2012/01/16;23597
229;STIMA;2012/01/16;20620
75;STIMA;2012/01/17;9104
247;STIMA;2012/01/17;7881
7;STIMA;2012/01/18;69687
51;STIMA;2012/01/18;87591
92;STIMA;2012/01/18;18644
138;LETTURA;2012/01/18;11686
9;STIMA;2012/01/19;36352
59;STIMA;2012/01/19;7032
143;STIMA;2012/01/19;30663
7;STIMA;2012/01/20;75651
74;STIMA;2012/01/20;41888
92;LETTURA;2012/01/20;19277
126;STIMA;2012/01/20;43034
144;STIMA;2012/01/20;26048
164;STIMA;2012/01/20;75703
242;STIMA;2012/01/20;44348
55;STIMA;2012/01/21;20925
122;STIMA;2012/01/21;28900
185;STIMA;2012/01/21;18800
245;STIMA;2012/01/22;10946
11;STIMA;2012/01/23;24187
83;STIMA;2012/01/23;39289
20;STIMA;2012/01/24;2760
30;LETTURA;2012/01/24;30184
56;STIMA;2012/01/24;56241
88;STIMA;2012/01/24;20219
112;STIMA;2012/01/24;8008
139;STIMA;2012/01/24;27759
144;LETTURA;2012/01/24;41223
129;STIMA;2012/01/26;56019
70;LETTURA;2012/01/27;30704
161;STIMA;2012/01/27;5490
182;STIMA;2012/01/27;10711
249;STIMA;2012/01/27;56072
165;LETTURA;2012/01/28;36066
184;LETTURA;2012/01/28;12779
127;STIMA;2012/01/29;37180
132;STIMA;2012/01/29;30462
198;STIMA;2012/01/31;35776
17;STIMA;2012/02/01;12941
174;STIMA;2012/02/01;4192
13;STIMA;2012/02/02;29290
133;STIMA;2012/02/02;28005
224;STIMA;2012/02/02;33886
43;STIMA;2012/02/03;59836
102;LETTURA;2012/02/04;47943
209;STIMA;2012/02/05;27789
1;STIMA;2012/02/06;42477
56;STIMA;2012/02/06;57169
101;STIMA;2012/02/06;18952
169;STIMA;2012/02/06;41563
77;STIMA;2012/02/07;51997
33;STIMA;2012/02/08;49754
149;STIMA;2012/02/08;47383
164;STIMA;2012/02/09;80620
204;STIMA;2012/02/09;34293
47;STIMA;2012/02/10;41560
62;LETTURA;2012/02/11;14245
167;STIMA;2012/02/11;44279
245;STIMA;2012/02/11;13992
1;LETTURA;2012/02/12;43545
119;STIMA;2012/02/13;10621
152;STIMA;2012/02/13;13153
161;STIMA;2012/02/13;8081
6;STIMA;2012/02/14;65676
103;STIMA;2012/02/14;16709
203;LETTURA;2012/02/14;14927
4;STIMA;2012/02/15;34790
73;STIMA;2012/02/15;18867
97;LETTURA;2012/02/15;52507
117;STIMA;2012/02/15;5735
148;STIMA;2012/02/15;36787
160;STIMA;2012/02/15;54006
83;STIMA;2012/02/16;50080
121;LETTURA;2012/02/16;35732
175;STIMA;2012/02/16;47896
248;STIMA;2012/02/16;27913
35;STIMA;2012/02/17;57804
89;LETTURA;2012/02/17;33070
152;STIMA;2012/02/17;13456
179;STIMA;2012/02/17;18738
228;STIMA;2012/02/17;26695
24;STIMA;2012/02/18;5657
40;LETTURA;2012/02/18;9974
147;STIMA;2012/02/18;20600
179;STIMA;2012/02/18;21232
226;STIMA;2012/02/18;44478
22;STIMA;2012/02/19;21124
197;STIMA;2012/02/20;22187
208;LETTURA;2012/02/20;19978
223;STIMA;2012/02/20;29477
34;STIMA;2012/02/21;59016
126;LETTURA;2012/02/21;44701
56;STIMA;2012/02/22;57869
163;LETTURA;2012/02/22;10118
181;STIMA;2012/02/22;4437
183;STIMA;2012/02/22;63979
184;STIMA;2012/02/22;13975
167;STIMA;2012/02/23;49479
205;STIMA;2012/02/23;10575
225;STIMA;2012/02/23;27036
105;STIMA;2012/02/24;13882
119;LETTURA;2012/02/24;12475
149;LETTURA;2012/02/24;47648
151;STIMA;2012/02/24;10072
49;STIMA;2012/02/25;40687
85;STIMA;2012/02/25;27236
116;LETTURA;2012/02/25;44830
161;STIMA;2012/02/25;9960
200;STIMA;2012/02/25;10875
123;STIMA;2012/02/26;20995
169;LETTURA;2012/02/26;43945
180;STIMA;2012/02/26;50358
57;STIMA;2012/02/27;61654
134;STIMA;2012/02/27;41232
207;LETTURA;2012/02/27;6397
212;LETTURA;2012/02/27;12772
43;STIMA;2012/02/28;70931
150;STIMA;2012/03/01;13585
204;STIMA;2012/03/01;39240
224;STIMA;2012/03/01;46691
63;STIMA;2012/03/03;20906
69;STIMA;2012/03/04;31143
88;STIMA;2012/03/04;46928
191;STIMA;2012/03/04;29630
238;STIMA;2012/03/04;12834
108;STIMA;2012/03/05;73929
235;STIMA;2012/03/07;4535
68;LETTURA;2012/03/08;91409
99;STIMA;2012/03/08;45541
237;STIMA;2012/03/08;49299
29;STIMA;2012/03/09;12236
72;LETTURA;2012/03/09;30974
129;STIMA;2012/03/09;59665
231;STIMA;2012/03/10;8997
2;STIMA;2012/03/11;84056
24;STIMA;2012/03/11;8786
32;LETTURA;2012/03/11;4674
57;STIMA;2012/03/11;66859
203;STIMA;2012/03/11;29598
75;STIMA;2012/03/12;9480
224;STIMA;2012/03/12;47427
4;STIMA;2012/03/13;38556
152;STIMA;2012/03/13;14003
35;LETTURA;2012/03/14;62008
38;LETTURA;2012/03/14;48502
46;LETTURA;2012/03/14;32391
54;STIMA;2012/03/15;39985
152;STIMA;2012/03/15;16727
66;STIMA;2012/03/16;9018
72;STIMA;2012/03/16;32713
156;STIMA;2012/03/16;17686
195;STIMA;2012/03/16;54295
229;STIMA;2012/03/16;21551
79;STIMA;2012/03/17;49610
128;LETTURA;2012/03/17;37874
233;STIMA;2012/03/17;50373
118;STIMA;2012/03/18;17262
9;STIMA;2012/03/19;37233
243;STIMA;2012/03/19;32161
127;STIMA;2012/03/20;38796
159;STIMA;2012/03/20;20709
156;STIMA;2012/03/21;19547
125;STIMA;2012/03/22;20181
227;STIMA;2012/03/22;43281
22;LETTURA;2012/03/23;28128
83;LETTURA;2012/03/23;50895
85;STIMA;2012/03/23;28778
192;STIMA;2012/03/23;34431
90;STIMA;2012/03/24;8165
240;LETTURA;2012/03/24;22504
97;STIMA;2012/03/25;59108
100;STIMA;2012/03/25;37326
175;LETTURA;2012/03/25;55536
244;STIMA;2012/03/25;17760
231;LETTURA;2012/03/26;13673
234;STIMA;2012/03/26;12644
48;STIMA;2012/03/27;27745
92;LETTURA;2012/03/27;19912
110;STIMA;2012/03/27;7377
151;LETTURA;2012/03/27;11102
65;STIMA;2012/03/28;26183
147;STIMA;2012/03/28;23288
34;LETTURA;2012/03/29;63364
41;STIMA;2012/03/29;45680
150;STIMA;2012/03/29;17082
23;LETTURA;2012/03/30;15991
123;STIMA;2012/03/30;22573
174;LETTURA;2012/03/30;4291
76;STIMA;2012/03/31;24745
210;STIMA;2012/03/31;38460
9;STIMA;2012/04/01;38681
144;STIMA;2012/04/01;45276
56;STIMA;2012/04/02;65177
60;LETTURA;2012/04/02;21965
210;LETTURA;2012/04/02;41565
189;STIMA;2012/04/03;57851
20;STIMA;2012/04/04;4950
40;STIMA;2012/04/04;10833
195;STIMA;2012/04/04;55636
216;STIMA;2012/04/04;8650
227;STIMA;2012/04/04;46375
12;STIMA;2012/04/05;12904
162;STIMA;2012/04/05;24652
62;STIMA;2012/04/06;14912
103;STIMA;2012/04/06;23204
181;LETTURA;2012/04/06;4936
110;LETTURA;2012/04/08;7862
114;STIMA;2012/04/08;35632
237;STIMA;2012/04/08;51899
7;STIMA;2012/04/09;75943
12;STIMA;2012/04/09;13573
209;STIMA;2012/04/12;28248
237;STIMA;2012/04/12;55681
78;STIMA;2012/04/13;47129
84;LETTURA;2012/04/13;34010
126;LETTURA;2012/04/13;46754
160;STIMA;2012/04/13;63941
213;STIMA;2012/04/13;17964
238;STIMA;2012/04/13;13065
100;STIMA;2012/04/14;55953
217;STIMA;2012/04/14;7904
5;STIMA;2012/04/15;80812
46;STIMA;2012/04/15;34623
196;LETTURA;2012/04/15;16412
170;STIMA;2012/04/17;67334
192;LETTURA;2012/04/17;43704
187;STIMA;2012/04/18;56209
170;LETTURA;2012/04/19;72791
78;LETTURA;2012/04/20;48553
158;STIMA;2012/04/21;22693
197;STIMA;2012/04/21;26329
232;LETTURA;2012/04/21;34719
236;STIMA;2012/04/21;14540
242;STIMA;2012/04/22;46096
185;STIMA;2012/04/23;20215
12;STIMA;2012/04/24;15891
61;STIMA;2012/04/24;17567
115;STIMA;2012/04/24;16194
150;STIMA;2012/04/24;17964
210;STIMA;2012/04/24;45941
239;STIMA;2012/04/24;29273
151;STIMA;2012/04/25;13297
175;STIMA;2012/04/26;58851
26;LETTURA;2012/04/27;26273
157;STIMA;2012/04/27;33988
179;STIMA;2012/04/27;21685
15;STIMA;2012/04/29;26695
15;STIMA;2012/04/30;28183
228;STIMA;2012/04/30;28884
54;STIMA;2012/05/01;40078
106;STIMA;2012/05/01;31421
148;STIMA;2012/05/01;41427
156;LETTURA;2012/05/01;21298
217;STIMA;2012/05/02;13224
225;LETTURA;2012/05/02;27252
155;STIMA;2012/05/03;29373
156;LETTURA;2012/05/03;26972
238;STIMA;2012/05/03;14914
240;STIMA;2012/05/03;27647
15;LETTURA;2012/05/04;34126
41;STIMA;2012/05/04;51478
50;STIMA;2012/05/04;15453
1;LETTURA;2012/05/06;43610
29;LETTURA;2012/05/06;14196
75;STIMA;2012/05/06;13353
112;STIMA;2012/05/06;8616
145;STIMA;2012/05/06;33627
86;STIMA;2012/05/07;3927
12;STIMA;2012/05/08;16702
189;STIMA;2012/05/08;62523
206;LETTURA;2012/05/08;24692
7;STIMA;2012/05/09;77090
60;LETTURA;2012/05/09;23337
110;LETTURA;2012/05/09;8173
27;STIMA;2012/05/11;13401
90;LETTURA;2012/05/12;9278
221;LETTURA;2012/05/12;75089
204;STIMA;2012/05/13;41517
69;STIMA;2012/05/14;31425
108;STIMA;2012/05/14;75750
247;STIMA;2012/05/14;9575
100;STIMA;2012/05/15;61823
122;LETTURA;2012/05/15;38329
138;STIMA;2012/05/15;14905
166;STIMA;2012/05/16;19421
50;STIMA;2012/05/17;19923
75;LETTURA;2012/05/17;13566
181;STIMA;2012/05/17;5300
225;LETTURA;2012/05/17;36179
230;STIMA;2012/05/17;42386
3;STIMA;2012/05/18;10417
11;STIMA;2012/05/18;24393
114;STIMA;2012/05/18;45376
157;STIMA;2012/05/18;36249
148;STIMA;2012/05/19;44726
204;LETTURA;2012/05/19;42706
232;STIMA;2012/05/19;39145
248;LETTURA;2012/05/19;42711
40;STIMA;2012/05/20;10882
67;STIMA;2012/05/20;46114
169;LETTURA;2012/05/20;47182
107;STIMA;2012/05/21;64226
147;LETTURA;2012/05/21;23778
165;LETTURA;2012/05/21;42285
231;STIMA;2012/05/21;21197
58;LETTURA;2012/05/22;38652
97;STIMA;2012/05/23;70713
199;LETTURA;2012/05/23;53612
90;STIMA;2012/05/24;12451
217;LETTURA;2012/05/24;15078
44;STIMA;2012/05/25;25322
201;STIMA;2012/05/25;29675
88;STIMA;2012/05/26;57886
149;LETTURA;2012/05/26;49940
210;STIMA;2012/05/26;47053
211;STIMA;2012/05/26;9293
238;STIMA;2012/05/26;15821
60;LETTURA;2012/05/27;25626
213;STIMA;2012/05/27;19668
29;STIMA;2012/05/28;14237
196;STIMA;2012/05/28;18336
62;STIMA;2012/05/29;17376
73;STIMA;2012/05/29;19211
81;STIMA;2012/05/29;12074
84;LETTURA;2012/05/29;36645
85;STIMA;2012/05/30;29244
159;STIMA;2012/05/30;20714
211;STIMA;2012/05/31;11977
236;STIMA;2012/05/31;15331
111;STIMA;2012/06/01;36876
115;STIMA;2012/06/01;17923
158;LETTURA;2012/06/01;24745
228;STIMA;2012/06/01;36770
119;STIMA;2012/06/02;13805
191;LETTURA;2012/06/02;33698
67;LETTURA;2012/06/03;47728
130;STIMA;2012/06/03;22417
14;STIMA;2012/06/04;19562
55;STIMA;2012/06/04;22970
103;STIMA;2012/06/04;28768
220;STIMA;2012/06/04;7746
197;LETTURA;2012/06/05;30607
36;STIMA;2012/06/06;24646
142;STIMA;2012/06/06;47347
220;STIMA;2012/06/06;8201
235;STIMA;2012/06/06;4912
112;STIMA;2012/06/07;10365
114;LETTURA;2012/06/07;54651
166;STIMA;2012/06/07;23532
193;STIMA;2012/06/07;37961
35;STIMA;2012/06/08;63696
49;STIMA;2012/06/08;42126
126;STIMA;2012/06/08;51236
129;STIMA;2012/06/08;68284
23;STIMA;2012/06/09;16251
42;STIMA;2012/06/09;43739
106;STIMA;2012/06/09;32012
54;STIMA;2012/06/10;46087
131;STIMA;2012/06/10;45531
167;STIMA;2012/06/10;52012
203;STIMA;2012/06/10;36465
94;LETTURA;2012/06/11;16725
56;STIMA;2012/06/12;71206
226;LETTURA;2012/06/12;45470
146;STIMA;2012/06/13;3593
23;LETTURA;2012/06/14;18060
58;STIMA;2012/06/14;39124
184;STIMA;2012/06/14;18267
220;STIMA;2012/06/14;10901
115;STIMA;2012/06/15;19729
146;LETTURA;2012/06/15;3790
39;STIMA;2012/06/16;68696
212;STIMA;2012/06/16;13323
249;STIMA;2012/06/16;56564
124;STIMA;2012/06/17;10418
218;STIMA;2012/06/17;19352
238;STIMA;2012/06/18;21522
45;STIMA;2012/06/19;65168
48;STIMA;2012/06/20;34941
226;STIMA;2012/06/20;46106
243;LETTURA;2012/06/20;33093
13;STIMA;2012/06/21;34142
74;STIMA;2012/06/21;56274
20;LETTURA;2012/06/22;5821
63;STIMA;2012/06/23;23897
75;STIMA;2012/06/23;13878
187;STIMA;2012/06/23;61399
0;STIMA;2012/06/24;61821
64;STIMA;2012/06/24;57289
115;STIMA;2012/06/24;20434
179;LETTURA;2012/06/24;21907
47;LETTURA;2012/06/25;41595
112;STIMA;2012/06/25;11139
153;STIMA;2012/06/25;9560
43;LETTURA;2012/06/26;77734
187;STIMA;2012/06/26;62072
4;STIMA;2012/06/27;50190
244;STIMA;2012/06/27;18552
91;STIMA;2012/06/29;39375
178;STIMA;2012/06/29;22673
13;STIMA;2012/06/30;44167
34;STIMA;2012/06/30;64657
93;STIMA;2012/06/30;29883
84;STIMA;2012/07/01;37572
113;LETTURA;2012/07/01;50422
146;STIMA;2012/07/01;3797
37;STIMA;2012/07/02;17339
104;STIMA;2012/07/02;51662
141;STIMA;2012/07/02;37783
190;STIMA;2012/07/02;17933
235;STIMA;2012/07/02;5475
100;STIMA;2012/07/03;65799
154;STIMA;2012/07/03;17629
219;STIMA;2012/07/03;15156
246;STIMA;2012/07/03;41308
1;STIMA;2012/07/04;43836
6;STIMA;2012/07/04;68588
208;STIMA;2012/07/04;23569
237;LETTURA;2012/07/04;72132
51;STIMA;2012/07/05;87768
129;LETTURA;2012/07/05;71828
159;LETTURA;2012/07/05;37416
242;STIMA;2012/07/05;53992
59;LETTURA;2012/07/06;7766
86;STIMA;2012/07/06;5112
218;STIMA;2012/07/06;21967
231;STIMA;2012/07/06;26783
43;STIMA;2012/07/07;81038
105;STIMA;2012/07/07;14382
141;STIMA;2012/07/07;44085
213;STIMA;2012/07/07;21076
61;STIMA;2012/07/08;17650
93;STIMA;2012/07/08;33367
105;STIMA;2012/07/08;18464
118;LETTURA;2012/07/08;23425
156;STIMA;2012/07/08;27189
174;LETTURA;2012/07/08;6545
199;STIMA;2012/07/08;60347
131;STIMA;2012/07/09;66255
163;STIMA;2012/07/09;12293
240;STIMA;2012/07/09;30638
98;STIMA;2012/07/10;56467
133;LETTURA;2012/07/10;28606
192;STIMA;2012/07/10;55581
202;STIMA;2012/07/10;9855
41;STIMA;2012/07/11;54765
105;STIMA;2012/07/11;20240
219;STIMA;2012/07/11;16657
231;STIMA;2012/07/11;28466
240;STIMA;2012/07/11;31968
17;STIMA;2012/07/12;17730
129;STIMA;2012/07/13;88257
134;STIMA;2012/07/13;48851
240;STIMA;2012/07/13;35272
52;STIMA;2012/07/14;3392
230;LETTURA;2012/07/14;44604
9;STIMA;2012/07/16;46147
43;STIMA;2012/07/16;84300
54;STIMA;2012/07/16;47004
96;STIMA;2012/07/16;21430
198;STIMA;2012/07/16;46261
109;STIMA;2012/07/17;25335
169;LETTURA;2012/07/17;51537
200;STIMA;2012/07/18;11530
33;LETTURA;2012/07/19;54032
72;STIMA;2012/07/19;39059
146;STIMA;2012/07/19;4492
162;STIMA;2012/07/19;25481
213;STIMA;2012/07/19;21195
16;STIMA;2012/07/20;45779
108;STIMA;2012/07/20;80057
143;STIMA;2012/07/20;35065
64;STIMA;2012/07/21;65907
138;STIMA;2012/07/21;18618
229;STIMA;2012/07/21;22691
153;STIMA;2012/07/23;11974
105;STIMA;2012/07/24;22740
227;STIMA;2012/07/24;57285
247;STIMA;2012/07/24;11836
97;STIMA;2012/07/25;73568
196;STIMA;2012/07/26;18778
125;STIMA;2012/07/27;21185
176;STIMA;2012/07/28;69170
190;STIMA;2012/07/28;21560
199;STIMA;2012/07/28;61733
5;STIMA;2012/07/29;81343
38;STIMA;2012/07/29;53351
93;STIMA;2012/07/29;36371
123;LETTURA;2012/07/29;25654
47;STIMA;2012/07/30;47679
88;LETTURA;2012/07/30;64239
145;STIMA;2012/07/30;36599
40;STIMA;2012/07/31;11977
64;LETTURA;2012/07/31;66275
203;STIMA;2012/08/01;44525
225;LETTURA;2012/08/01;42965
37;STIMA;2012/08/02;17952
61;STIMA;2012/08/02;17775
218;STIMA;2012/08/02;23355
153;STIMA;2012/08/03;12789
178;LETTURA;2012/08/03;29186
222;STIMA;2012/08/03;39783
96;STIMA;2012/08/04;27407
145;STIMA;2012/08/04;40123
217;STIMA;2012/08/04;18791
17;STIMA;2012/08/05;20351
27;STIMA;2012/08/05;14561
93;STIMA;2012/08/05;41340
157;STIMA;2012/08/05;41841
17;LETTURA;2012/08/06;20900
87;STIMA;2012/08/06;40032
185;STIMA;2012/08/06;21963
99;LETTURA;2012/08/07;46295
28;STIMA;2012/08/08;7853
109;STIMA;2012/08/08;33506
113;LETTURA;2012/08/08;77773
69;STIMA;2012/08/09;31588
143;STIMA;2012/08/09;64424
192;STIMA;2012/08/09;79928
27;STIMA;2012/08/10;19724
161;STIMA;2012/08/10;10268
182;STIMA;2012/08/11;11027
219;STIMA;2012/08/11;18948
59;STIMA;2012/08/13;8460
171;LETTURA;2012/08/13;5967
39;STIMA;2012/08/14;72751
64;STIMA;2012/08/14;71764
118;STIMA;2012/08/14;25493
241;LETTURA;2012/08/14;6458
53;STIMA;2012/08/15;15212
78;STIMA;2012/08/15;54452
46;LETTURA;2012/08/16;41752
246;STIMA;2012/08/16;42592
124;STIMA;2012/08/17;15191
239;STIMA;2012/08/17;33412
87;STIMA;2012/08/19;41736
160;STIMA;2012/08/19;65154
202;LETTURA;2012/08/19;11083
181;STIMA;2012/08/20;5556
220;STIMA;2012/08/20;12702
181;LETTURA;2012/08/21;9331
234;STIMA;2012/08/21;12657
181;STIMA;2012/08/22;9655
2;LETTURA;2012/08/23;86208
16;STIMA;2012/08/23;46812
66;STIMA;2012/08/23;10168
189;STIMA;2012/08/23;63341
59;STIMA;2012/08/24;8713
78;STIMA;2012/08/24;56859
219;STIMA;2012/08/24;26402
107;STIMA;2012/08/25;65165
123;STIMA;2012/08/25;26130
141;STIMA;2012/08/25;49168
24;LETTURA;2012/08/26;8902
80;STIMA;2012/08/26;25285
150;STIMA;2012/08/26;19826
169;STIMA;2012/08/26;57151
175;LETTURA;2012/08/26;61553
228;STIMA;2012/08/27;36884
241;STIMA;2012/08/27;6563
143;STIMA;2012/08/28;66933
12;STIMA;2012/08/30;17572
42;STIMA;2012/08/30;43940
238;LETTURA;2012/08/30;22771
162;STIMA;2012/08/31;30833
193;STIMA;2012/08/31;39940
85;LETTURA;2012/09/01;36999
98;LETTURA;2012/09/01;57136
73;STIMA;2012/09/02;20981
77;STIMA;2012/09/02;59548
124;LETTURA;2012/09/02;15879
234;STIMA;2012/09/02;14481
245;STIMA;2012/09/03;14526
218;STIMA;2012/09/04;26264
65;STIMA;2012/09/05;30002
104;STIMA;2012/09/05;57665
116;LETTURA;2012/09/05;61961
127;STIMA;2012/09/05;42310
0;LETTURA;2012/09/08;66768
50;LETTURA;2012/09/08;23075
55;LETTURA;2012/09/08;28512
61;LETTURA;2012/09/08;20634
157;STIMA;2012/09/08;43355
16;STIMA;2012/09/09;51821
86;LETTURA;2012/09/09;5611
171;LETTURA;2012/09/09;16442
218;STIMA;2012/09/09;31724
48;STIMA;2012/09/10;39660
69;LETTURA;2012/09/10;38372
225;LETTURA;2012/09/10;49842
81;STIMA;2012/09/11;13059
181;STIMA;2012/09/11;9749
201;STIMA;2012/09/11;30771
139;LETTURA;2012/09/12;28377
176;STIMA;2012/09/12;73332
207;STIMA;2012/09/12;6957
121;STIMA;2012/09/13;46881
186;STIMA;2012/09/13;29734
203;LETTURA;2012/09/13;45884
125;STIMA;2012/09/14;23441
28;STIMA;2012/09/15;8530
106;LETTURA;2012/09/16;38943
132;LETTURA;2012/09/16;43244
41;STIMA;2012/09/17;55405
248;STIMA;2012/09/17;47452
53;STIMA;2012/09/18;15616
179;STIMA;2012/09/18;23012
51;STIMA;2012/09/19;92038
154;STIMA;2012/09/19;24781
163;STIMA;2012/09/19;13231
193;STIMA;2012/09/19;40589
231;STIMA;2012/09/19;37323
45;STIMA;2012/09/20;65580
176;STIMA;2012/09/21;80807
181;STIMA;2012/09/21;11173
85;STIMA;2012/09/22;45987
243;STIMA;2012/09/22;45581
66;STIMA;2012/09/23;10677
144;STIMA;2012/09/23;49735
240;LETTURA;2012/09/23;45620
55;STIMA;2012/09/24;29314
143;STIMA;2012/09/24;71612
72;STIMA;2012/09/25;41521
89;STIMA;2012/09/25;36021
117;STIMA;2012/09/25;6739
160;STIMA;2012/09/25;70029
228;STIMA;2012/09/25;40867
111;STIMA;2012/09/26;37195
245;STIMA;2012/09/26;15794
154;STIMA;2012/09/27;25618
187;STIMA;2012/09/27;67494
8;LETTURA;2012/09/28;79518
216;LETTURA;2012/09/28;8971
238;STIMA;2012/09/28;22819
3;STIMA;2012/09/29;14903
26;LETTURA;2012/09/30;27815
81;LETTURA;2012/10/01;13674
119;LETTURA;2012/10/01;13964
224;LETTURA;2012/10/01;47541
65;LETTURA;2012/10/02;36989
149;STIMA;2012/10/02;53153
213;STIMA;2012/10/02;22360
67;STIMA;2012/10/03;50944
38;STIMA;2012/10/04;54422
125;STIMA;2012/10/04;26018
175;STIMA;2012/10/04;69335
228;STIMA;2012/10/04;43104
136;STIMA;2012/10/05;48261
165;LETTURA;2012/10/05;53760
43;STIMA;2012/10/06;91656
45;STIMA;2012/10/06;66176
157;STIMA;2012/10/06;45956
210;STIMA;2012/10/06;47671
226;LETTURA;2012/10/06;48649
231;STIMA;2012/10/06;41598
249;STIMA;2012/10/06;63275
166;STIMA;2012/10/07;23561
170;STIMA;2012/10/07;79031
190;STIMA;2012/10/08;24097
203;STIMA;2012/10/08;48546
231;LETTURA;2012/10/08;45923
247;STIMA;2012/10/08;17889
58;STIMA;2012/10/09;40297
100;STIMA;2012/10/09;72768
62;STIMA;2012/10/10;25154
84;STIMA;2012/10/10;41171
139;LETTURA;2012/10/10;35393
134;STIMA;2012/10/11;49358
227;LETTURA;2012/10/13;57649
230;STIMA;2012/10/13;46243
3;STIMA;2012/10/14;15363
40;STIMA;2012/10/14;13471
159;STIMA;2012/10/14;43053
224;STIMA;2012/10/14;50164
244;STIMA;2012/10/14;20071
24;STIMA;2012/10/15;9474
33;STIMA;2012/10/15;57620
86;LETTURA;2012/10/15;5658
157;STIMA;2012/10/15;46095
239;STIMA;2012/10/15;41764
73;STIMA;2012/10/16;27266
156;STIMA;2012/10/16;27639
59;STIMA;2012/10/17;10756
74;STIMA;2012/10/17;56733
91;STIMA;2012/10/17;49952
132;STIMA;2012/10/18;59562
139;LETTURA;2012/10/18;46099
205;STIMA;2012/10/18;12398
166;STIMA;2012/10/19;24257
178;LETTURA;2012/10/19;31224
199;STIMA;2012/10/19;65282
236;STIMA;2012/10/19;16198
22;STIMA;2012/10/21;32790
48;STIMA;2012/10/21;40327
122;LETTURA;2012/10/21;46457
138;LETTURA;2012/10/21;22244
60;STIMA;2012/10/22;28856
96;STIMA;2012/10/22;28540
128;STIMA;2012/10/22;51198
148;STIMA;2012/10/22;56515
162;STIMA;2012/10/23;32701
119;STIMA;2012/10/24;18316
61;STIMA;2012/10/25;21520
66;STIMA;2012/10/25;10691
128;STIMA;2012/10/25;54374
215;STIMA;2012/10/26;44274
19;STIMA;2012/10/27;17389
39;LETTURA;2012/10/27;77441
58;STIMA;2012/10/27;43645
128;STIMA;2012/10/27;54813
223;LETTURA;2012/10/27;44437
246;LETTURA;2012/10/27;46837
71;LETTURA;2012/10/28;49183
142;LETTURA;2012/10/28;48829
202;STIMA;2012/10/28;15061
90;STIMA;2012/10/29;15754
187;LETTURA;2012/10/29;71024
208;STIMA;2012/10/29;32006
71;STIMA;2012/10/30;58873
154;STIMA;2012/10/30;26709
48;STIMA;2012/10/31;42055
160;STIMA;2012/10/31;72047
117;STIMA;2012/11/01;8255
175;STIMA;2012/11/01;72637
235;STIMA;2012/11/01;6132
221;STIMA;2012/11/02;82139
240;LETTURA;2012/11/02;54072
101;STIMA;2012/11/03;21257
46;STIMA;2012/11/04;51038
70;STIMA;2012/11/05;31122
195;STIMA;2012/11/05;56614
205;LETTURA;2012/11/05;12862
241;STIMA;2012/11/05;9586
14;STIMA;2012/11/06;20128
37;STIMA;2012/11/06;18678
63;STIMA;2012/11/06;31491
100;LETTURA;2012/11/06;77491
145;STIMA;2012/11/06;50933
225;STIMA;2012/11/06;51618
151;LETTURA;2012/11/08;23750
101;STIMA;2012/11/09;28675
137;STIMA;2012/11/09;34953
155;STIMA;2012/11/09;51509
176;LETTURA;2012/11/09;82487
52;STIMA;2012/11/10;3532
64;STIMA;2012/11/10;74620
75;STIMA;2012/11/10;15476
94;LETTURA;2012/11/10;44410
189;LETTURA;2012/11/10;63554
202;STIMA;2012/11/10;15256
159;STIMA;2012/11/11;43861
231;STIMA;2012/11/11;64432
29;STIMA;2012/11/12;14333
204;STIMA;2012/11/12;44416
232;STIMA;2012/11/12;40005
118;STIMA;2012/11/13;26765
143;STIMA;2012/11/13;85597
162;STIMA;2012/11/13;36477
198;STIMA;2012/11/13;62365
235;STIMA;2012/11/13;6734
218;LETTURA;2012/11/14;32925
225;STIMA;2012/11/14;60830
0;LETTURA;2012/11/15;70101
171;STIMA;2012/11/15;22261
239;STIMA;2012/11/15;44187
0;LETTURA;2012/11/16;76694
31;STIMA;2012/11/16;26476
70;LETTURA;2012/11/16;34594
107;STIMA;2012/11/16;65795
192;STIMA;2012/11/16;82455
28;STIMA;2012/11/17;8714
123;STIMA;2012/11/17;29522
240;STIMA;2012/11/17;58408
242;STIMA;2012/11/17;55624
72;LETTURA;2012/11/18;45047
119;STIMA;2012/11/19;18634
163;STIMA;2012/11/19;13259
222;STIMA;2012/11/19;39785
9;STIMA;2012/11/20;50745
157;STIMA;2012/11/20;48675
18;STIMA;2012/11/21;31141
165;STIMA;2012/11/21;55969
18;STIMA;2012/11/22;32908
125;STIMA;2012/11/22;28079
136;STIMA;2012/11/22;52383
144;LETTURA;2012/11/22;50348
31;STIMA;2012/11/23;68382
198;STIMA;2012/11/23;65060
69;STIMA;2012/11/24;38840
86;STIMA;2012/11/24;6093
222;LETTURA;2012/11/24;44434
233;STIMA;2012/11/24;56973
99;STIMA;2012/11/25;46378
126;STIMA;2012/11/25;60354
91;STIMA;2012/11/26;54134
217;STIMA;2012/11/26;23703
229;STIMA;2012/11/26;22904
46;STIMA;2012/11/27;54784
203;STIMA;2012/11/27;54844
26;LETTURA;2012/11/28;35533
52;STIMA;2012/11/29;4921
57;STIMA;2012/11/29;69320
93;STIMA;2012/11/29;41378
213;STIMA;2012/11/29;28085
61;STIMA;2012/11/30;22278
169;STIMA;2012/11/30;58959
24;LETTURA;2012/12/01;9787
194;STIMA;2012/12/01;14516
219;STIMA;2012/12/01;27825
89;STIMA;2012/12/02;37768
108;STIMA;2012/12/02;90507
123;LETTURA;2012/12/02;44467
170;STIMA;2012/12/03;86006
209;STIMA;2012/12/04;29438
244;LETTURA;2012/12/04;20098
45;STIMA;2012/12/05;72884
174;STIMA;2012/12/05;6727
233;STIMA;2012/12/05;57664
9;STIMA;2012/12/06;72873
101;STIMA;2012/12/06;29351
10;LETTURA;2012/12/08;58125
109;STIMA;2012/12/08;34379
128;STIMA;2012/12/08;62515
128;STIMA;2012/12/09;64047
144;LETTURA;2012/12/09;56312
193;STIMA;2012/12/09;47833
246;STIMA;2012/12/10;49938
95;STIMA;2012/12/11;30447
105;STIMA;2012/12/11;25957
42;LETTURA;2012/12/13;45209
78;STIMA;2012/12/13;63062
211;LETTURA;2012/12/13;16858
56;STIMA;2012/12/14;71321
92;STIMA;2012/12/14;22587
115;STIMA;2012/12/14;20566
111;STIMA;2012/12/15;39160
112;STIMA;2012/12/15;11780
203;LETTURA;2012/12/15;59401
121;STIMA;2012/12/16;56851
88;STIMA;2012/12/17;64264
165;STIMA;2012/12/17;60900
230;STIMA;2012/12/17;48296
0;LETTURA;2012/12/18;83096
11;STIMA;2012/12/18;25000
126;STIMA;2012/12/18;70389
185;LETTURA;2012/12/18;23197
197;STIMA;2012/12/18;32320
244;LETTURA;2012/12/18;23270
164;STIMA;2012/12/19;81764
231;LETTURA;2012/12/19;68436
2;STIMA;2012/12/20;86315
41;LETTURA;2012/12/20;57384
54;STIMA;2012/12/20;49160
155;STIMA;2012/12/20;62537
217;LETTURA;2012/12/21;23784
15;LETTURA;2012/12/22;34734
73;STIMA;2012/12/22;31244
234;STIMA;2012/12/22;14883
12;STIMA;2012/12/24;18065
65;STIMA;2012/12/24;45024
178;STIMA;2012/12/24;35180
20;STIMA;2012/12/26;6813
41;STIMA;2012/12/26;64310
212;STIMA;2012/12/26;14343
186;STIMA;2012/12/27;32003
221;STIMA;2012/12/27;83197
90;LETTURA;2012/12/28;16006
127;LETTURA;2012/12/28;44288
169;STIMA;2012/12/28;74335
3;LETTURA;2012/12/30;16649
77;STIMA;2012/12/30;59902
218;STIMA;2012/12/30;40586
208;STIMA;2013/01/00;32955
233;STIMA;2013/01/00;67085
234;STIMA;2013/01/00;14942
117;STIMA;2013/01/01;8474
46;STIMA;2013/01/02;62662
189;LETTURA;2013/01/02;64085
57;STIMA;2013/01/03;74652
141;STIMA;2013/01/03;55049
165;STIMA;2013/01/03;62277
208;STIMA;2013/01/03;34985
27;LETTURA;2013/01/04;21174
38;STIMA;2013/01/04;55871
103;STIMA;2013/01/04;45081
173;LETTURA;2013/01/04;56357
209;STIMA;2013/01/04;29530
79;STIMA;2013/01/05;55685
146;STIMA;2013/01/06;6499
165;STIMA;2013/01/06;67152
62;STIMA;2013/01/08;25560
91;STIMA;2013/01/08;60789
178;STIMA;2013/01/08;52037
195;STIMA;2013/01/09;61869
226;STIMA;2013/01/09;55569
97;STIMA;2013/01/10;76821
131;LETTURA;2013/01/10;72447
166;STIMA;2013/01/10;25805
212;STIMA;2013/01/10;15824
217;STIMA;2013/01/10;34575
40;STIMA;2013/01/11;14175
141;LETTURA;2013/01/11;66053
249;STIMA;2013/01/11;63878
240;STIMA;2013/01/13;61663
158;STIMA;2013/01/16;25440
205;STIMA;2013/01/17;17667
40;LETTURA;2013/01/18;17506
95;STIMA;2013/01/18;52661
133;STIMA;2013/01/19;33471
153;STIMA;2013/01/19;13100
204;STIMA;2013/01/19;47423
123;STIMA;2013/01/20;48119
192;STIMA;2013/01/21;83233
239;STIMA;2013/01/21;48024
247;STIMA;2013/01/21;18178
56;STIMA;2013/01/22;73373
86;STIMA;2013/01/22;6170
130;STIMA;2013/01/22;23064
177;LETTURA;2013/01/22;60201
205;LETTURA;2013/01/22;18673
86;LETTURA;2013/01/23;8384
238;STIMA;2013/01/23;25064
93;STIMA;2013/01/24;43000
206;STIMA;2013/01/24;25663
40;STIMA;2013/01/25;22294
123;STIMA;2013/01/25;51880
148;LETTURA;2013/01/25;56803
170;STIMA;2013/01/25;89028
60;STIMA;2013/01/26;31749
150;STIMA;2013/01/26;21051
193;STIMA;2013/01/26;49088
87;STIMA;2013/01/27;44894
81;STIMA;2013/01/28;18668
245;LETTURA;2013/01/28;18359
88;STIMA;2013/01/29;68156
77;STIMA;2013/01/30;59984
110;LETTURA;2013/01/30;8461
112;STIMA;2013/01/30;12412
182;STIMA;2013/01/30;11117
194;LETTURA;2013/01/30;16206
200;STIMA;2013/01/30;12524
67;STIMA;2013/01/31;54990
138;LETTURA;2013/01/31;29221
139;LETTURA;2013/01/31;48842
206;STIMA;2013/01/31;27173
78;STIMA;2013/02/01;65098
90;LETTURA;2013/02/01;18847
26;STIMA;2013/02/02;39200
133;LETTURA;2013/02/03;40343
197;STIMA;2013/02/03;35028
104;STIMA;2013/02/05;78643
223;LETTURA;2013/02/05;49859
196;STIMA;2013/02/06;20173
230;LETTURA;2013/02/06;61221
67;STIMA;2013/02/07;78472
20;STIMA;2013/02/09;7478
24;LETTURA;2013/02/09;9942
115;LETTURA;2013/02/09;22680
203;STIMA;2013/02/09;82437
243;LETTURA;2013/02/09;50773
248;STIMA;2013/02/09;52496
69;STIMA;2013/02/10;39320
101;STIMA;2013/02/10;41872
118;STIMA;2013/02/10;28334
236;STIMA;2013/02/10;16374
37;LETTURA;2013/02/11;22820
83;LETTURA;2013/02/11;58764
101;STIMA;2013/02/11;45366
117;LETTURA;2013/02/11;9732
154;STIMA;2013/02/11;28323
170;LETTURA;2013/02/12;92478
182;STIMA;2013/02/12;11180
52;STIMA;2013/02/13;8111
91;STIMA;2013/02/13;61870
198;STIMA;2013/02/13;67770
21;LETTURA;2013/02/14;29532
246;STIMA;2013/02/14;53757
5;STIMA;2013/02/15;89087
52;STIMA;2013/02/15;12296
53;STIMA;2013/02/15;15913
162;STIMA;2013/02/16;37707
239;STIMA;2013/02/16;49936
106;STIMA;2013/02/17;41419
124;LETTURA;2013/02/17;16360
137;STIMA;2013/02/17;38836
162;STIMA;2013/02/17;47307
184;STIMA;2013/02/17;19493
203;LETTURA;2013/02/18;83056
21;STIMA;2013/02/19;30013
148;LETTURA;2013/02/20;58172
160;LETTURA;2013/02/20;77213
200;STIMA;2013/02/20;13581
96;STIMA;2013/02/22;30928
146;LETTURA;2013/02/22;8014
225;STIMA;2013/02/22;61906
247;STIMA;2013/02/22;18446
36;LETTURA;2013/02/23;26516
216;STIMA;2013/02/23;9966
96;STIMA;2013/02/24;37923
132;STIMA;2013/02/24;61598
137;STIMA;2013/02/24;51036
168;LETTURA;2013/02/25;32109
215;LETTURA;2013/02/25;50159
12;STIMA;2013/02/26;18696
167;LETTURA;2013/02/26;52946
206;STIMA;2013/02/26;31031
115;STIMA;2013/02/27;24221
77;LETTURA;2013/02/28;67011
14;STIMA;2013/03/01;21589
70;STIMA;2013/03/02;37800
103;STIMA;2013/03/02;48833
128;LETTURA;2013/03/02;78812
155;LETTURA;2013/03/02;63536
224;STIMA;2013/03/03;55942
83;STIMA;2013/03/04;60641
198;STIMA;2013/03/04;68883
71;STIMA;2013/03/05;59061
226;STIMA;2013/03/05;71944
232;STIMA;2013/03/05;42176
26;STIMA;2013/03/06;42737
53;STIMA;2013/03/06;17116
105;STIMA;2013/03/06;27540
111;STIMA;2013/03/06;40389
140;STIMA;2013/03/06;25905
151;STIMA;2013/03/06;25304
164;LETTURA;2013/03/06;84832
67;STIMA;2013/03/07;81420
169;STIMA;2013/03/07;78433
223;STIMA;2013/03/07;61671
26;STIMA;2013/03/09;44847
47;LETTURA;2013/03/09;49200
118;LETTURA;2013/03/09;28578
122;STIMA;2013/03/09;61618
29;STIMA;2013/03/10;15993
63;STIMA;2013/03/10;34056
198;STIMA;2013/03/10;68911
226;LETTURA;2013/03/10;79927
62;STIMA;2013/03/11;26606
89;LETTURA;2013/03/11;41432
100;STIMA;2013/03/11;81371
201;STIMA;2013/03/11;32425
220;STIMA;2013/03/11;14185
13;STIMA;2013/03/12;46679
178;LETTURA;2013/03/12;53051
196;STIMA;2013/03/12;20601
247;STIMA;2013/03/12;24319
11;STIMA;2013/03/13;25022
14;LETTURA;2013/03/13;22634
45;STIMA;2013/03/13;77361
207;STIMA;2013/03/13;7363
179;STIMA;2013/03/14;24359
47;LETTURA;2013/03/15;50074
111;STIMA;2013/03/15;40440
152;STIMA;2013/03/16;17500
9;LETTURA;2013/03/17;76215
66;STIMA;2013/03/17;11100
93;STIMA;2013/03/17;44570
79;LETTURA;2013/03/18;56341
152;LETTURA;2013/03/18;19787
217;STIMA;2013/03/18;34641
74;STIMA;2013/03/19;58089
39;LETTURA;2013/03/22;78198
77;LETTURA;2013/03/23;76678
197;STIMA;2013/03/23;35362
211;STIMA;2013/03/23;19325
43;LETTURA;2013/03/25;91805
114;STIMA;2013/03/25;61466
150;STIMA;2013/03/25;24055
202;STIMA;2013/03/25;15485
107;STIMA;2013/03/26;66415
122;STIMA;2013/03/26;63874
185;STIMA;2013/03/26;26296
123;LETTURA;2013/03/27;57260
147;LETTURA;2013/03/27;27274
182;STIMA;2013/03/27;12073
194;LETTURA;2013/03/27;16863
203;LETTURA;2013/03/27;84177
7;STIMA;2013/03/28;86232
235;STIMA;2013/03/28;7534
94;LETTURA;2013/03/29;47538
153;STIMA;2013/03/29;14041
248;STIMA;2013/03/29;55405
38;STIMA;2013/03/30;59208
116;STIMA;2013/03/30;76871
158;STIMA;2013/03/30;28242
239;LETTURA;2013/03/30;50593
41;LETTURA;2013/03/31;79989
49;STIMA;2013/03/31;50151
51;STIMA;2013/03/31;92699
91;STIMA;2013/03/31;62508
140;STIMA;2013/03/31;33068
220;STIMA;2013/03/31;14548
231;STIMA;2013/03/31;70561
245;STIMA;2013/03/31;18939
76;STIMA;2013/04/01;29649
134;STIMA;2013/04/02;55131
229;STIMA;2013/04/02;28702
36;STIMA;2013/04/03;27637
130;LETTURA;2013/04/03;24142
172;LETTURA;2013/04/03;88302
70;STIMA;2013/04/04;38547
99;STIMA;2013/04/04;58632
134;STIMA;2013/04/04;55807
156;STIMA;2013/04/04;37200
163;STIMA;2013/04/04;13795
35;STIMA;2013/04/06;64321
204;LETTURA;2013/04/06;47649
229;STIMA;2013/04/07;29770
162;STIMA;2013/04/08;53063
110;STIMA;2013/04/09;8668
86;STIMA;2013/04/10;9118
105;STIMA;2013/04/10;28550
95;STIMA;2013/04/11;57321
158;STIMA;2013/04/11;28250
103;STIMA;2013/04/12;59110
131;STIMA;2013/04/12;78553
15;STIMA;2013/04/13;38200
96;STIMA;2013/04/13;46694
208;STIMA;2013/04/13;35066
219;STIMA;2013/04/13;33729
232;STIMA;2013/04/13;44311
38;STIMA;2013/04/14;61683
150;STIMA;2013/04/14;25846
154;STIMA;2013/04/14;29402
201;STIMA;2013/04/14;33387
223;LETTURA;2013/04/14;62629
46;STIMA;2013/04/15;66404
116;STIMA;2013/04/15;82223
218;STIMA;2013/04/15;57511
71;STIMA;2013/04/16;59186
73;STIMA;2013/04/16;33695
102;LETTURA;2013/04/16;53230
117;STIMA;2013/04/16;12060
219;STIMA;2013/04/16;38437
59;STIMA;2013/04/17;11358
90;LETTURA;2013/04/17;19567
134;STIMA;2013/04/17;58822
212;STIMA;2013/04/17;15888
78;STIMA;2013/04/18;67571
114;STIMA;2013/04/18;66039
151;STIMA;2013/04/18;30216
165;STIMA;2013/04/18;75725
208;LETTURA;2013/04/18;40292
211;LETTURA;2013/04/19;19943
93;LETTURA;2013/04/20;46324
140;STIMA;2013/04/20;40446
141;STIMA;2013/04/20;67204
247;STIMA;2013/04/20;27873
242;STIMA;2013/04/21;61699
101;STIMA;2013/04/22;47013
124;STIMA;2013/04/22;17270
207;LETTURA;2013/04/22;7894
84;STIMA;2013/04/23;46319
107;STIMA;2013/04/23;83628
227;LETTURA;2013/04/23;74950
83;LETTURA;2013/04/24;82171
121;STIMA;2013/04/24;57374
197;LETTURA;2013/04/24;36887
209;STIMA;2013/04/24;36014
154;LETTURA;2013/04/25;30005
174;LETTURA;2013/04/25;7163
15;STIMA;2013/04/26;43289
79;LETTURA;2013/04/26;60545
153;STIMA;2013/04/26;20240
196;LETTURA;2013/04/26;21102
164;STIMA;2013/04/27;91785
29;STIMA;2013/04/29;16025
166;LETTURA;2013/04/29;27528
37;LETTURA;2013/05/01;25237
188;STIMA;2013/05/01;21123
242;STIMA;2013/05/01;62168
90;LETTURA;2013/05/02;22478
244;STIMA;2013/05/02;27140
52;LETTURA;2013/05/03;12590
55;STIMA;2013/05/03;35013
145;STIMA;2013/05/03;60280
105;STIMA;2013/05/04;29575
157;STIMA;2013/05/04;49866
159;STIMA;2013/05/04;48128
85;STIMA;2013/05/05;49150
110;LETTURA;2013/05/05;9940
91;STIMA;2013/05/06;65238
115;STIMA;2013/05/06;27613
221;STIMA;2013/05/06;88082
246;STIMA;2013/05/06;53890
130;STIMA;2013/05/07;26848
59;STIMA;2013/05/08;11403
126;STIMA;2013/05/08;79845
18;LETTURA;2013/05/09;35506
66;LETTURA;2013/05/10;11104
74;STIMA;2013/05/10;61577
122;STIMA;2013/05/11;65224
141;STIMA;2013/05/13;70185
187;STIMA;2013/05/13;71057
223;STIMA;2013/05/13;69744
230;STIMA;2013/05/13;61742
49;STIMA;2013/05/14;52448
73;STIMA;2013/05/14;37143
188;STIMA;2013/05/14;24238
111;STIMA;2013/05/15;40560
153;STIMA;2013/05/15;27627
84;STIMA;2013/05/16;50334
16;STIMA;2013/05/17;55807
41;LETTURA;2013/05/17;90749
184;STIMA;2013/05/17;20100
226;STIMA;2013/05/17;88404
151;STIMA;2013/05/18;30329
174;STIMA;2013/05/18;7963
40;STIMA;2013/05/20;26359
189;LETTURA;2013/05/20;82587
229;STIMA;2013/05/20;32957
3;STIMA;2013/05/21;20704
37;STIMA;2013/05/21;32139
112;LETTURA;2013/05/21;13467
38;STIMA;2013/05/22;62006
58;STIMA;2013/05/22;45280
80;STIMA;2013/05/22;30443
159;STIMA;2013/05/22;57018
241;STIMA;2013/05/22;9984
243;STIMA;2013/05/22;53632
32;LETTURA;2013/05/23;19843
219;LETTURA;2013/05/23;53874
238;STIMA;2013/05/23;26439
9;LETTURA;2013/05/24;78649
170;LETTURA;2013/05/25;97644
185;STIMA;2013/05/25;27021
35;STIMA;2013/05/26;65133
245;STIMA;2013/05/26;24059
81;LETTURA;2013/05/27;19471
55;STIMA;2013/05/28;37102
80;STIMA;2013/05/28;36415
106;STIMA;2013/05/28;47944
179;STIMA;2013/05/28;24765
210;STIMA;2013/05/28;49013
213;STIMA;2013/05/28;29718
116;STIMA;2013/05/29;85892
195;STIMA;2013/05/29;67324
223;STIMA;2013/05/29;75042
2;STIMA;2013/05/30;87041
87;STIMA;2013/05/30;45301
207;STIMA;2013/05/30;8317
86;STIMA;2013/05/31;9455
87;STIMA;2013/05/31;46459
223;STIMA;2013/05/31;75163
226;STIMA;2013/05/31;95290
12;STIMA;2013/06/01;21776
66;STIMA;2013/06/01;11350
233;STIMA;2013/06/01;68326
23;STIMA;2013/06/03;19741
163;LETTURA;2013/06/03;13951
38;LETTURA;2013/06/04;84943
145;LETTURA;2013/06/04;60829
211;STIMA;2013/06/04;24757
220;STIMA;2013/06/04;17904
1;STIMA;2013/06/06;46580
104;STIMA;2013/06/06;79019
109;LETTURA;2013/06/06;47665
159;LETTURA;2013/06/06;58159
132;STIMA;2013/06/07;61602
178;LETTURA;2013/06/07;61200
217;STIMA;2013/06/07;35871
31;STIMA;2013/06/08;73557
125;STIMA;2013/06/08;32413
19;STIMA;2013/06/09;25149
49;LETTURA;2013/06/09;53826
141;LETTURA;2013/06/09;72100
111;STIMA;2013/06/11;52449
191;STIMA;2013/06/11;34866
121;STIMA;2013/06/12;58415
207;LETTURA;2013/06/12;9564
55;STIMA;2013/06/13;37931
150;STIMA;2013/06/13;28936
178;STIMA;2013/06/13;70790
187;LETTURA;2013/06/13;72576
16;STIMA;2013/06/14;56158
24;STIMA;2013/06/15;10314
49;STIMA;2013/06/15;54927
117;STIMA;2013/06/15;15829
31;LETTURA;2013/06/16;80698
75;LETTURA;2013/06/16;17139
88;STIMA;2013/06/16;74671
179;LETTURA;2013/06/16;24888
185;STIMA;2013/06/16;27291
206;STIMA;2013/06/16;36144
36;LETTURA;2013/06/18;27711
117;STIMA;2013/06/18;17678
146;STIMA;2013/06/18;9637
155;STIMA;2013/06/18;66644
242;STIMA;2013/06/18;65558
241;STIMA;2013/06/19;10031
14;STIMA;2013/06/20;24022
217;STIMA;2013/06/20;36439
246;STIMA;2013/06/20;61005
51;STIMA;2013/06/21;95883
99;STIMA;2013/06/21;59211
193;STIMA;2013/06/21;59123
216;STIMA;2013/06/21;10035
238;LETTURA;2013/06/21;27275
239;STIMA;2013/06/21;51787
27;LETTURA;2013/06/22;25537
117;STIMA;2013/06/22;19953
248;STIMA;2013/06/22;61203
45;LETTURA;2013/06/23;95140
175;STIMA;2013/06/23;74932
1;LETTURA;2013/06/24;56252
54;LETTURA;2013/06/24;52119
78;LETTURA;2013/06/24;68008
91;STIMA;2013/06/24;86670
122;STIMA;2013/06/25;69026
181;STIMA;2013/06/25;13850
23;LETTURA;2013/06/26;22908
89;STIMA;2013/06/27;52423
138;STIMA;2013/06/28;29949
175;LETTURA;2013/06/28;78530
178;STIMA;2013/06/28;81412
194;LETTURA;2013/06/28;18102
218;STIMA;2013/06/28;57796
42;STIMA;2013/06/29;49249
229;STIMA;2013/06/29;32964
7;LETTURA;2013/06/30;89321
36;STIMA;2013/06/30;42092
61;STIMA;2013/06/30;25774
154;STIMA;2013/06/30;30356
16;LETTURA;2013/07/01;56172
70;LETTURA;2013/07/01;40689
2;LETTURA;2013/07/02;89400
24;STIMA;2013/07/04;10435
102;STIMA;2013/07/04;56759
109;LETTURA;2013/07/04;71748
145;LETTURA;2013/07/04;61045
155;STIMA;2013/07/04;68247
75;LETTURA;2013/07/05;17237
51;LETTURA;2013/07/06;96507
143;STIMA;2013/07/06;87412
144;LETTURA;2013/07/06;57754
241;STIMA;2013/07/06;10927
249;STIMA;2013/07/06;68660
186;LETTURA;2013/07/07;37528
198;STIMA;2013/07/07;76694
217;LETTURA;2013/07/07;39661
220;LETTURA;2013/07/07;18890
121;STIMA;2013/07/08;66146
124;STIMA;2013/07/08;17726
151;LETTURA;2013/07/08;32609
62;STIMA;2013/07/11;31232
75;LETTURA;2013/07/11;18304
79;LETTURA;2013/07/11;61021
103;STIMA;2013/07/11;61317
122;LETTURA;2013/07/11;69301
138;STIMA;2013/07/11;34567
54;STIMA;2013/07/13;55141
71;LETTURA;2013/07/13;61951
37;STIMA;2013/07/14;32656
248;LETTURA;2013/07/14;61744
131;STIMA;2013/07/15;83624
211;LETTURA;2013/07/15;28703
229;STIMA;2013/07/15;33289
150;LETTURA;2013/07/16;30372
200;LETTURA;2013/07/16;14396
88;STIMA;2013/07/17;79048
140;LETTURA;2013/07/17;43808
191;LETTURA;2013/07/17;43820
21;STIMA;2013/07/18;40830
114;STIMA;2013/07/18;78887
143;STIMA;2013/07/18;90170
233;STIMA;2013/07/18;72588
242;LETTURA;2013/07/18;66204
76;STIMA;2013/07/19;44947
98;LETTURA;2013/07/20;57679
106;STIMA;2013/07/20;49473
147;LETTURA;2013/07/20;27825
235;STIMA;2013/07/21;8558
80;STIMA;2013/07/22;44765
85;STIMA;2013/07/22;52607
219;STIMA;2013/07/22;54580
13;STIMA;2013/07/23;47421
89;LETTURA;2013/07/24;54107
101;LETTURA;2013/07/24;47569
171;LETTURA;2013/07/24;28487
193;STIMA;2013/07/24;61716
240;LETTURA;2013/07/24;61951
156;STIMA;2013/07/26;38462
238;STIMA;2013/07/26;27323
6;LETTURA;2013/07/27;76401
69;LETTURA;2013/07/27;40388
244;LETTURA;2013/07/27;28547
248;LETTURA;2013/07/27;65958
139;STIMA;2013/07/28;49439
42;STIMA;2013/07/30;56014
161;STIMA;2013/07/30;11977
249;LETTURA;2013/07/30;69877
1;STIMA;2013/07/31;58626
91;LETTURA;2013/07/31;89522
199;LETTURA;2013/07/31;81376
149;LETTURA;2013/08/01;54503
191;STIMA;2013/08/01;44886
230;LETTURA;2013/08/01;63060
157;LETTURA;2013/08/02;54846
76;LETTURA;2013/08/03;51304
138;STIMA;2013/08/03;35944
199;LETTURA;2013/08/03;89012
23;STIMA;2013/08/05;29272
97;STIMA;2013/08/05;77284
132;LETTURA;2013/08/05;69566
187;LETTURA;2013/08/05;77742
143;LETTURA;2013/08/06;96162
106;STIMA;2013/08/07;54222
206;STIMA;2013/08/07;44969
107;LETTURA;2013/08/08;88323
153;STIMA;2013/08/08;28197
169;LETTURA;2013/08/08;81389
213;STIMA;2013/08/08;30076
86;LETTURA;2013/08/10;10425
87;STIMA;2013/08/10;49131
176;STIMA;2013/08/10;84176
237;STIMA;2013/08/10;74383
48;STIMA;2013/08/11;45704
16;STIMA;2013/08/12;60341
63;STIMA;2013/08/12;44350
97;LETTURA;2013/08/12;79089
132;LETTURA;2013/08/12;70537
188;LETTURA;2013/08/13;29941
57;STIMA;2013/08/14;78340
0;STIMA;2013/08/15;84739
13;STIMA;2013/08/15;52065
201;LETTURA;2013/08/15;33973
23;LETTURA;2013/08/16;30945
88;STIMA;2013/08/16;83579
187;LETTURA;2013/08/16;83829
126;STIMA;2013/08/17;80806
246;LETTURA;2013/08/17;71351
119;STIMA;2013/08/18;20838
147;LETTURA;2013/08/18;29349
20;STIMA;2013/08/19;8866
29;LETTURA;2013/08/19;16185
36;STIMA;2013/08/19;42321
55;STIMA;2013/08/20;38564
233;LETTURA;2013/08/20;83350
0;LETTURA;2013/08/23;86516
220;LETTURA;2013/08/23;27483
20;STIMA;2013/08/25;9774
79;STIMA;2013/08/25;67618
140;STIMA;2013/08/25;48798
178;STIMA;2013/08/25;85115
111;STIMA;2013/08/27;69196
190;LETTURA;2013/08/27;25667
162;STIMA;2013/08/28;57642
55;LETTURA;2013/08/29;43758
232;LETTURA;2013/08/29;44387
22;STIMA;2013/08/30;35728
65;STIMA;2013/08/30;51633
152;STIMA;2013/08/30;19976
48;STIMA;2013/08/31;52103
81;STIMA;2013/08/31;21383
105;STIMA;2013/08/31;30194
136;LETTURA;2013/08/31;59919
213;STIMA;2013/08/31;32624
25;LETTURA;2013/09/01;34607
63;STIMA;2013/09/02;57778
130;STIMA;2013/09/02;28269
156;STIMA;2013/09/02;40099
243;LETTURA;2013/09/02;59952
76;STIMA;2013/09/03;52183
174;STIMA;2013/09/03;8271
46;LETTURA;2013/09/04;67460
239;STIMA;2013/09/04;52109
158;STIMA;2013/09/06;29302
181;LETTURA;2013/09/06;14913
207;STIMA;2013/09/06;9584
130;LETTURA;2013/09/07;28615
156;LETTURA;2013/09/07;45002
221;STIMA;2013/09/07;89908
228;LETTURA;2013/09/07;43634
11;LETTURA;2013/09/08;25426
84;STIMA;2013/09/09;50909
60;LETTURA;2013/09/11;32295
42;STIMA;2013/09/12;59487
140;LETTURA;2013/09/12;54954
161;LETTURA;2013/09/12;12966
14;LETTURA;2013/09/13;25341
138;LETTURA;2013/09/13;36271
165;LETTURA;2013/09/14;75773
191;STIMA;2013/09/14;54353
13;STIMA;2013/09/15;52083
46;STIMA;2013/09/15;70340
114;LETTURA;2013/09/15;83299
31;LETTURA;2013/09/17;86904
56;STIMA;2013/09/17;79482
149;STIMA;2013/09/17;54883
9;STIMA;2013/09/18;78926
209;STIMA;2013/09/18;38909
162;LETTURA;2013/09/19;62559
33;STIMA;2013/09/20;63921
149;LETTURA;2013/09/20;57422
200;LETTURA;2013/09/20;15535
134;STIMA;2013/09/21;80555
209;STIMA;2013/09/22;39603
85;STIMA;2013/09/23;58582
216;LETTURA;2013/09/23;11415
13;LETTURA;2013/09/24;53558
58;STIMA;2013/09/24;45681
180;LETTURA;2013/09/25;69255
241;STIMA;2013/09/25;10930
74;STIMA;2013/09/26;65091
92;LETTURA;2013/09/26;24881
117;STIMA;2013/09/26;22100
80;STIMA;2013/09/27;46874
108;LETTURA;2013/09/27;91016
33;LETTURA;2013/09/28;66349
62;STIMA;2013/09/28;31876
158;LETTURA;2013/09/28;30502
218;STIMA;2013/09/28;60282
61;LETTURA;2013/09/29;27082
100;LETTURA;2013/09/29;83279
101;LETTURA;2013/09/29;55469
121;LETTURA;2013/09/29;75194
55;LETTURA;2013/09/30;53952
9;STIMA;2013/10/01;83172
21;LETTURA;2013/10/01;44825
37;STIMA;2013/10/02;33867
60;STIMA;2013/10/02;42803
229;LETTURA;2013/10/02;36539
90;STIMA;2013/10/03;26155
235;STIMA;2013/10/03;8763
12;STIMA;2013/10/04;22623
22;LETTURA;2013/10/04;56321
248;STIMA;2013/10/04;72997
12;LETTURA;2013/10/05;27478
110;STIMA;2013/10/05;10987
152;STIMA;2013/10/05;23744
155;LETTURA;2013/10/05;70259
3;STIMA;2013/10/06;21272
80;LETTURA;2013/10/06;48044
96;STIMA;2013/10/06;58527
59;LETTURA;2013/10/07;11826
87;STIMA;2013/10/08;55242
146;STIMA;2013/10/08;10137
48;LETTURA;2013/10/09;54143
186;LETTURA;2013/10/10;69869
44;LETTURA;2013/10/11;25893
57;LETTURA;2013/10/12;78818
59;STIMA;2013/10/12;12946
158;STIMA;2013/10/12;38628
202;LETTURA;2013/10/12;16725
221;LETTURA;2013/10/12;90344
247;STIMA;2013/10/12;31593
65;STIMA;2013/10/13;52434
66;STIMA;2013/10/14;11364
86;STIMA;2013/10/14;10594
53;LETTURA;2013/10/15;18149
195;LETTURA;2013/10/15;68759
197;LETTURA;2013/10/15;38263
206;LETTURA;2013/10/15;47638
224;LETTURA;2013/10/15;66807
1;LETTURA;2013/10/16;58930
146;STIMA;2013/10/16;10155
28;LETTURA;2013/10/17;10706
49;LETTURA;2013/10/18;58460
235;LETTURA;2013/10/18;9975
241;LETTURA;2013/10/18;13572
248;LETTURA;2013/10/18;75233
79;LETTURA;2013/10/19;74252
86;STIMA;2013/10/19;10654
126;LETTURA;2013/10/19;87292
236;STIMA;2013/10/19;16601
42;LETTURA;2013/10/20;59626
245;LETTURA;2013/10/20;25976
19;LETTURA;2013/10/21;25667
64;STIMA;2013/10/21;76837
133;STIMA;2013/10/21;43690
231;STIMA;2013/10/21;73618
15;LETTURA;2013/10/22;43355
102;STIMA;2013/10/22;59796
24;STIMA;2013/10/24;10948
16;LETTURA;2013/10/25;60708
59;LETTURA;2013/10/26;14292
119;LETTURA;2013/10/26;22326
212;LETTURA;2013/10/26;16359
213;LETTURA;2013/10/26;32974
24;LETTURA;2013/10/27;13113
54;LETTURA;2013/10/27;55185
139;LETTURA;2013/10/27;52200
176;STIMA;2013/10/27;86224
103;LETTURA;2013/10/28;67904
17;STIMA;2013/10/29;22770
106;STIMA;2013/10/29;59696
166;STIMA;2013/10/29;33807
9;LETTURA;2013/10/30;87669
58;LETTURA;2013/10/30;46913
124;LETTURA;2013/10/30;21467
104;LETTURA;2013/10/31;79365
61;LETTURA;2013/11/01;33097
64;STIMA;2013/11/01;84803
210;STIMA;2013/11/01;51210
3;STIMA;2013/11/02;21703
20;LETTURA;2013/11/02;9900
40;LETTURA;2013/11/02;27241
77;STIMA;2013/11/02;87615
86;LETTURA;2013/11/03;12336
219;LETTURA;2013/11/03;67061
226;LETTURA;2013/11/03;99127
65;STIMA;2013/11/04;59561
73;LETTURA;2013/11/04;39196
5;STIMA;2013/11/05;89267
81;LETTURA;2013/11/05;21830
153;STIMA;2013/11/05;31615
185;LETTURA;2013/11/05;28027
234;LETTURA;2013/11/05;15099
120;STIMA;2013/11/06;62008
216;LETTURA;2013/11/06;12375
236;LETTURA;2013/11/06;18293
245;LETTURA;2013/11/06;26007
247;LETTURA;2013/11/06;34387
76;LETTURA;2013/11/07;55670
36;LETTURA;2013/11/08;44727
77;LETTURA;2013/11/08;91568
204;LETTURA;2013/11/08;48917
46;LETTURA;2013/11/10;73584
66;LETTURA;2013/11/11;12369
231;LETTURA;2013/11/13;74236
90;LETTURA;2013/11/14;29303
35;STIMA;2013/11/15;71400
193;LETTURA;2013/11/15;62054
239;LETTURA;2013/11/15;57608
23;STIMA;2013/11/16;31339
26;LETTURA;2013/11/16;47549
85;LETTURA;2013/11/16;63022
105;LETTURA;2013/11/16;30435
191;STIMA;2013/11/18;55297
192;LETTURA;2013/11/18;86776
137;LETTURA;2013/11/19;57722
219;LETTURA;2013/11/19;69824
129;LETTURA;2013/11/20;88963
3;LETTURA;2013/11/21;25525
125;LETTURA;2013/11/21;34026
184;LETTURA;2013/11/23;21048
213;LETTURA;2013/11/23;35643
88;STIMA;2013/11/24;90817
146;LETTURA;2013/11/24;10479
174;STIMA;2013/11/24;8946
71;LETTURA;2013/11/25;64026
118;LETTURA;2013/11/25;30794
176;STIMA;2013/11/25;93205
183;LETTURA;2013/11/25;66867
223;LETTURA;2013/11/25;75694
17;STIMA;2013/11/26;25191
82;LETTURA;2013/11/26;39696
133;STIMA;2013/11/26;47590
106;STIMA;2013/11/27;62309
133;STIMA;2013/11/28;54333
153;LETTURA;2013/11/28;32078
17;LETTURA;2013/11/29;27810
60;LETTURA;2013/11/29;45228
61;LETTURA;2013/11/29;33206
182;LETTURA;2013/11/29;12368
37;LETTURA;2013/11/30;34957
35;LETTURA;2013/12/02;82020
164;LETTURA;2013/12/02;94757
23;STIMA;2013/12/03;31832
99;LETTURA;2013/12/03;76835
115;LETTURA;2013/12/03;27623
158;STIMA;2013/12/03;45554
218;LETTURA;2013/12/03;67208
22;STIMA;2013/12/04;66369
110;LETTURA;2013/12/04;11394
116;LETTURA;2013/12/04;86410
22;STIMA;2013/12/05;68917
23;LETTURA;2013/12/05;33015
96;STIMA;2013/12/05;62083
166;LETTURA;2013/12/06;37828
84;LETTURA;2013/12/07;63427
103;LETTURA;2013/12/07;68276
111;LETTURA;2013/12/07;75326
95;LETTURA;2013/12/08;86206
131;LETTURA;2013/12/08;84362
236;STIMA;2013/12/08;21343
120;STIMA;2013/12/09;62261
133;LETTURA;2013/12/11;54999
152;LETTURA;2013/12/11;25683
117;LETTURA;2013/12/12;25629
198;LETTURA;2013/12/12;84444
207;LETTURA;2013/12/12;9774
21;LETTURA;2013/12/13;48257
100;LETTURA;2013/12/13;84938
239;LETTURA;2013/12/13;58984
87;LETTURA;2013/12/14;55298
120;LETTURA;2013/12/14;75883
238;LETTURA;2013/12/14;28349
191;LETTURA;2013/12/17;55987
174;LETTURA;2013/12/18;9209
225;LETTURA;2013/12/18;68804
65;LETTURA;2013/12/19;60589
236;LETTURA;2013/12/19;24236
4;LETTURA;2013/12/20;50344
209;LETTURA;2013/12/20;40092
22;STIMA;2013/12/21;70801
67;LETTURA;2013/12/21;93661
17;LETTURA;2013/12/22;34827
56;LETTURA;2013/12/22;80970
106;LETTURA;2013/12/22;70591
134;LETTURA;2013/12/22;81634
5;LETTURA;2013/12/24;96136
34;LETTURA;2013/12/24;65858
62;LETTURA;2013/12/24;32562
64;LETTURA;2013/12/24;88952
102;LETTURA;2013/12/24;60153
88;LETTURA;2013/12/25;93313
154;LETTURA;2013/12/25;32265
60;LETTURA;2013/12/26;45881
74;LETTURA;2013/12/26;65124
158;LETTURA;2013/12/26;47358
96;LETTURA;2013/12/28;66783
210;LETTURA;2013/12/28;51917
246;LETTURA;2013/12/28;95035
167;LETTURA;2013/12/29;65001
178;LETTURA;2013/12/29;87939
22;LETTURA;2013/12/30;73777
176;LETTURA;2013/12/30;94864
63;LETTURA;2014/01/00;69494
237;LETTURA;2014/01/00;82752
